fecha,region,establecimiento,administracion,subsistema,regimen_control,tipo_poblacion,poblacion,sexo,atendidos
31/08/2026,Región de Los Lagos,C.D.P. Maullín,Tradicional,Subsistema Abierto,Régimen de Control Abierto,Penas Sustitutivas,Reclusión Parcial Nocturna en Domicilio - CCh (Pena Sustitutiva),Mujer,1
31/08/2026,Región Metropolitana,C.R.S. Santiago Occidente,Tradicional,Subsistema Abierto,Régimen de Control Abierto,Penas Sustitutivas,Reclusión Parcial Nocturna en Domicilio - CCh (Pena Sustitutiva),Mujer,1
31/08/2026,Región de Coquimbo,C.R.S. Illapel,Tradicional,Subsistema Abierto,Régimen de Control Abierto,Penas Sustitutivas,Reclusión Parcial Nocturna en Domicilio - CCh (Pena Sustitutiva),Mujer,1
31/08/2026,Región de Coquimbo,C.R.S. Ovalle,Tradicional,Subsistema Abierto,Régimen de Control Abierto,Penas Sustitutivas,Reclusión Parcial Nocturna en Domicilio - CCh (Pena Sustitutiva),Mujer,1
31/08/2026,Región del Maule,C.R.S. Cauquenes,Tradicional,Subsistema Abierto,Régimen de Control Abierto,Penas Sustitutivas,Reclusión Parcial Nocturna en Domicilio - CCh (Pena Sustitutiva),Mujer,1
31/08/2026,Región del Maule,C.R.S. Talca,Tradicional,Subsistema Abierto,Régimen de Control Abierto,Penas Sustitutivas,Reclusión Parcial Nocturna en Domicilio - CCh (Pena Sustitutiva),Mujer,1
31/08/2026,Región del Biobío,C.R.S. Concepción,Tradicional,Subsistema Abierto,Régimen de Control Abierto,Penas Sustitutivas,Reclusión Parcial Nocturna en Domicilio - CCh (Pena Sustitutiva),Mujer,1
31/08/2026,Región del Biobío,C.R.S. Los Ángeles,Tradicional,Subsistema Abierto,Régimen de Control Abierto,Penas Sustitutivas,Reclusión Parcial Nocturna en Domicilio - CCh (Pena Sustitutiva),Mujer,1
31/08/2026,Región de la Araucanía,C.C.P. Lautaro,Tradicional,Subsistema Abierto,Régimen de Control Abierto,Penas Sustitutivas,Reclusión Parcial Nocturna en Domicilio - CCh (Pena Sustitutiva),Mujer,1
31/08/2026,Región de la Araucanía,C.C.P. Victoria,Tradicional,Subsistema Abierto,Régimen de Control Abierto,Penas Sustitutivas,Reclusión Parcial Nocturna en Domicilio - CCh (Pena Sustitutiva),Mujer,1
31/08/2026,Región de la Araucanía,C.D.P. Pitrufquén,Tradicional,Subsistema Abierto,Régimen de Control Abierto,Penas Sustitutivas,Reclusión Parcial Nocturna en Domicilio - CCh (Pena Sustitutiva),Mujer,1
31/08/2026,Región de la Araucanía,C.R.S. Villarrica,Tradicional,Subsistema Abierto,Régimen de Control Abierto,Penas Sustitutivas,Reclusión Parcial Nocturna en Domicilio - CCh (Pena Sustitutiva),Mujer,1
31/08/2026,Región de Los Lagos,Anexo C.D.P. Chaitén,Tradicional,Subsistema Abierto,Régimen de Control Abierto,Penas Sustitutivas,Reclusión Parcial Nocturna en Domicilio - CCh (Pena Sustitutiva),Hombre,1
31/08/2026,Región de Antofagasta,C.R.S. Calama,Tradicional,Subsistema Abierto,Régimen de Control Abierto,Penas Sustitutivas,Reclusión Parcial Nocturna en Domicilio - CCh (Pena Sustitutiva),Hombre,1
31/08/2026,Región de Los Lagos,C.R.S. Castro,Tradicional,Subsistema Abierto,Régimen de Control Abierto,Penas Sustitutivas,Reclusión Parcial de Fin de Semana en Domicilio - MT (Pena Sustitutiva),Hombre,1
31/08/2026,Región de Los Lagos,C.R.S. Osorno,Tradicional,Subsistema Abierto,Régimen de Control Abierto,Penas Sustitutivas,Reclusión Parcial de Fin de Semana en Domicilio - MT (Pena Sustitutiva),Hombre,1
31/08/2026,Región Metropolitana,C.R.S. Santiago Oriente,Tradicional,Subsistema Abierto,Régimen de Control Abierto,Penas Sustitutivas,Reclusión Parcial de Fin de Semana en Domicilio - MT (Pena Sustitutiva),Hombre,1
31/08/2026,Región de Tarapacá,C.R.S. Iquique,Tradicional,Subsistema Abierto,Régimen de Control Abierto,Penas Sustitutivas,Reclusión Parcial de Fin de Semana en Domicilio - MT (Pena Sustitutiva),Hombre,1
31/08/2026,Región de Valparaíso,C.R.S. Quillota,Tradicional,Subsistema Abierto,Régimen de Control Abierto,Penas Sustitutivas,Reclusión Parcial de Fin de Semana en Domicilio - MT (Pena Sustitutiva),Hombre,1
31/08/2026,Región de Valparaíso,C.R.S. Quilpué,Tradicional,Subsistema Abierto,Régimen de Control Abierto,Penas Sustitutivas,Reclusión Parcial de Fin de Semana en Domicilio - MT (Pena Sustitutiva),Hombre,1
31/08/2026,Región del Libertador Bernardo O'Higgins,C.R.S. Rancagua,Tradicional,Subsistema Abierto,Régimen de Control Abierto,Penas Sustitutivas,Reclusión Parcial de Fin de Semana en Domicilio - MT (Pena Sustitutiva),Hombre,1
31/08/2026,Región del Maule,C.R.S. Talca,Tradicional,Subsistema Abierto,Régimen de Control Abierto,Penas Sustitutivas,Reclusión Parcial de Fin de Semana en Domicilio - MT (Pena Sustitutiva),Hombre,1
31/08/2026,Región del Biobío,C.R.S. Cañete,Tradicional,Subsistema Abierto,Régimen de Control Abierto,Penas Sustitutivas,Reclusión Parcial de Fin de Semana en Domicilio - MT (Pena Sustitutiva),Hombre,1
31/08/2026,Región del Biobío,C.R.S. Coronel,Tradicional,Subsistema Abierto,Régimen de Control Abierto,Penas Sustitutivas,Reclusión Parcial de Fin de Semana en Domicilio - MT (Pena Sustitutiva),Hombre,1
31/08/2026,Región de la Araucanía,C.R.S. Angol,Tradicional,Subsistema Abierto,Régimen de Control Abierto,Penas Sustitutivas,Reclusión Parcial de Fin de Semana en Domicilio - MT (Pena Sustitutiva),Hombre,1
31/08/2026,Región de Los Ríos,C.R.S. Valdivia,Tradicional,Subsistema Abierto,Régimen de Control Abierto,Penas Sustitutivas,Reclusión Parcial Diurna en Domicilio - MT (Pena Sustitutiva),Hombre,1
31/08/2026,Región de Tarapacá,C.R.S. Alto Hospicio,Tradicional,Subsistema Abierto,Régimen de Control Abierto,Penas Sustitutivas,Reclusión Parcial Diurna en Domicilio - MT (Pena Sustitutiva),Hombre,1
31/08/2026,Región de Tarapacá,C.R.S. Iquique,Tradicional,Subsistema Abierto,Régimen de Control Abierto,Penas Sustitutivas,Reclusión Parcial Diurna en Domicilio - MT (Pena Sustitutiva),Hombre,1
31/08/2026,Región de Coquimbo,C.R.S. La Serena,Tradicional,Subsistema Abierto,Régimen de Control Abierto,Penas Sustitutivas,Reclusión Parcial Diurna en Domicilio - MT (Pena Sustitutiva),Hombre,1
31/08/2026,Región de Valparaíso,C.R.S. Quilpué,Tradicional,Subsistema Abierto,Régimen de Control Abierto,Penas Sustitutivas,Reclusión Parcial Diurna en Domicilio - MT (Pena Sustitutiva),Hombre,1
31/08/2026,Región de la Araucanía,C.R.S. Temuco,Tradicional,Subsistema Abierto,Régimen de Control Abierto,Penas Sustitutivas,Reclusión Parcial Diurna en Domicilio - MT (Pena Sustitutiva),Hombre,1
31/08/2026,Región de Antofagasta,C.R.S. Antofagasta,Tradicional,Subsistema Abierto,Régimen de Control Abierto,Penas Sustitutivas,Reclusión Parcial Diurna en Domicilio - MT (Pena Sustitutiva),Mujer,1
31/08/2026,Región de Los Lagos,C.R.S. Puerto Montt,Tradicional,Subsistema Abierto,Régimen de Control Abierto,Penas Sustitutivas,Libertad Vigilada por Interrupción de la Pena - Pena Mixta,Mujer,1
31/08/2026,Región de Aysén del General Carlos Ibáñez del Campo,C.R.S. Coyhaique,Tradicional,Subsistema Abierto,Régimen de Control Abierto,Penas Sustitutivas,Libertad Vigilada por Interrupción de la Pena - Pena Mixta,Hombre,1
31/08/2026,Región de Atacama,C.R.S. Vallenar,Tradicional,Subsistema Abierto,Régimen de Control Abierto,Penas Sustitutivas,Libertad Vigilada por Interrupción de la Pena - Pena Mixta,Mujer,1
31/08/2026,Región del Libertador Bernardo O'Higgins,C.R.S. San Fernando,Tradicional,Subsistema Abierto,Régimen de Control Abierto,Penas Sustitutivas,Libertad Vigilada por Interrupción de la Pena - Pena Mixta,Mujer,1
31/08/2026,Región del Maule,C.R.S. Curicó,Tradicional,Subsistema Abierto,Régimen de Control Abierto,Penas Sustitutivas,Libertad Vigilada por Interrupción de la Pena - Pena Mixta,Mujer,1
31/08/2026,Región de la Araucanía,C.R.S. Temuco,Tradicional,Subsistema Abierto,Régimen de Control Abierto,Penas Sustitutivas,Libertad Vigilada por Interrupción de la Pena - Pena Mixta,Mujer,1
31/08/2026,Región de Los Lagos,C.R.S. Osorno,Tradicional,Subsistema Abierto,Régimen de Control Abierto,Penas Sustitutivas,Reclusión Parcial Nocturna (Pena Sustitutiva),Mujer,1
31/08/2026,Región de Los Ríos,C.C.P. Río Bueno,Tradicional,Subsistema Abierto,Régimen de Control Abierto,Penas Sustitutivas,Reclusión Parcial Nocturna (Pena Sustitutiva),Mujer,1
31/08/2026,Región de Arica y Parinacota,C.R.S. Arica,Tradicional,Subsistema Abierto,Régimen de Control Abierto,Penas Sustitutivas,Reclusión Parcial Nocturna (Pena Sustitutiva),Mujer,1
31/08/2026,Región del Libertador Bernardo O'Higgins,C.C.P. Santa Cruz,Tradicional,Subsistema Abierto,Régimen de Control Abierto,Penas Sustitutivas,Reclusión Parcial Nocturna (Pena Sustitutiva),Mujer,1
31/08/2026,Región del Libertador Bernardo O'Higgins,C.R.S. Rancagua,Tradicional,Subsistema Abierto,Régimen de Control Abierto,Penas Sustitutivas,Reclusión Parcial Nocturna (Pena Sustitutiva),Mujer,1
31/08/2026,Región de la Araucanía,C.P.F. Temuco,Tradicional,Subsistema Abierto,Régimen de Control Abierto,Penas Sustitutivas,Reclusión Parcial Nocturna (Pena Sustitutiva),Mujer,1
31/08/2026,Región de Magallanes y la Antártica Chilena,C.D.P. Porvenir,Tradicional,Subsistema Abierto,Régimen de Control Abierto,Penas Sustitutivas,Reclusión Parcial Nocturna (Pena Sustitutiva),Hombre,1
31/08/2026,Región de Magallanes y la Antártica Chilena,C.D.P. Puerto Natales,Tradicional,Subsistema Abierto,Régimen de Control Abierto,Penas Sustitutivas,Reclusión Parcial Nocturna (Pena Sustitutiva),Hombre,1
31/08/2026,Región de Los Ríos,C.C.P. Río Bueno,Tradicional,Subsistema Abierto,Régimen de Control Abierto,Penas Sustitutivas,Reclusión Parcial Nocturna (Pena Sustitutiva),Hombre,1
31/08/2026,Región de Ñuble,C.D.P. San Carlos,Tradicional,Subsistema Abierto,Régimen de Control Abierto,Penas Sustitutivas,Reclusión Parcial Nocturna (Pena Sustitutiva),Hombre,1
31/08/2026,Región del Maule,C.C.P. Cauquenes,Tradicional,Subsistema Abierto,Régimen de Control Abierto,Penas Sustitutivas,Reclusión Parcial Nocturna (Pena Sustitutiva),Hombre,1
31/08/2026,Región del Maule,C.C.P. Parral,Tradicional,Subsistema Abierto,Régimen de Control Abierto,Penas Sustitutivas,Reclusión Parcial Nocturna (Pena Sustitutiva),Hombre,1
31/08/2026,Región del Maule,C.D.P. Constitución,Tradicional,Subsistema Abierto,Régimen de Control Abierto,Penas Sustitutivas,Reclusión Parcial Nocturna (Pena Sustitutiva),Hombre,1
31/08/2026,Región del Biobío,C.D.P. Arauco,Tradicional,Subsistema Abierto,Régimen de Control Abierto,Penas Sustitutivas,Reclusión Parcial Nocturna (Pena Sustitutiva),Hombre,1
31/08/2026,Región del Biobío,C.D.P. Mulchén,Tradicional,Subsistema Abierto,Régimen de Control Abierto,Penas Sustitutivas,Reclusión Parcial Nocturna (Pena Sustitutiva),Hombre,1
31/08/2026,Región de Los Lagos,C.R.S. Castro,Tradicional,Subsistema Abierto,Régimen de Control Abierto,Penas Sustitutivas,P.S.B.C. por No Pago de Multa (Ley N°20.587),Mujer,1
31/08/2026,Región de Aysén del General Carlos Ibáñez del Campo,C.R.S. Coyhaique,Tradicional,Subsistema Abierto,Régimen de Control Abierto,Penas Sustitutivas,P.S.B.C. por No Pago de Multa (Ley N°20.587),Mujer,1
31/08/2026,Región Metropolitana,C.R.S. Santiago Centro,Tradicional,Subsistema Abierto,Régimen de Control Abierto,Penas Sustitutivas,P.S.B.C. por No Pago de Multa (Ley N°20.587),Mujer,1
31/08/2026,Región de Arica y Parinacota,C.R.S. Arica,Tradicional,Subsistema Abierto,Régimen de Control Abierto,Penas Sustitutivas,P.S.B.C. por No Pago de Multa (Ley N°20.587),Mujer,1
31/08/2026,Región de Tarapacá,C.R.S. Alto Hospicio,Tradicional,Subsistema Abierto,Régimen de Control Abierto,Penas Sustitutivas,P.S.B.C. por No Pago de Multa (Ley N°20.587),Mujer,1
31/08/2026,Región de Atacama,C.R.S. Vallenar,Tradicional,Subsistema Abierto,Régimen de Control Abierto,Penas Sustitutivas,P.S.B.C. por No Pago de Multa (Ley N°20.587),Mujer,1
31/08/2026,Región de Valparaíso,S.C. Isla de Pascua,Tradicional,Subsistema Abierto,Régimen de Control Abierto,Penas Sustitutivas,P.S.B.C. por No Pago de Multa (Ley N°20.587),Hombre,1
31/08/2026,Región de Valparaíso,C.R.S. Los Andes,Tradicional,Subsistema Abierto,Régimen de Control Abierto,Penas Sustitutivas,P.S.B.C. por No Pago de Multa (Ley N°20.587),Mujer,1
31/08/2026,Región del Biobío,C.R.S. Coronel,Tradicional,Subsistema Abierto,Régimen de Control Abierto,Penas Sustitutivas,P.S.B.C. por No Pago de Multa (Ley N°20.587),Mujer,1
31/08/2026,Región del Biobío,C.R.S. Los Ángeles,Tradicional,Subsistema Abierto,Régimen de Control Abierto,Penas Sustitutivas,P.S.B.C. por No Pago de Multa (Ley N°20.587),Mujer,1
31/08/2026,Región de la Araucanía,C.R.S. Angol,Tradicional,Subsistema Abierto,Régimen de Control Abierto,Penas Sustitutivas,P.S.B.C. por No Pago de Multa (Ley N°20.587),Mujer,1
31/08/2026,Región de la Araucanía,C.R.S. Villarrica,Tradicional,Subsistema Abierto,Régimen de Control Abierto,Penas Sustitutivas,P.S.B.C. por No Pago de Multa (Ley N°20.587),Mujer,1
31/08/2026,Región de Los Lagos,C.R.S. Puerto Montt,Tradicional,Subsistema Abierto,Régimen de Control Abierto,Penas Sustitutivas,Reclusión Parcial de Fin de Semana en Domicilio - CCh (Pena Sustitutiva),Hombre,1
31/08/2026,Región de Aysén del General Carlos Ibáñez del Campo,C.R.S. Coyhaique,Tradicional,Subsistema Abierto,Régimen de Control Abierto,Penas Sustitutivas,Reclusión Parcial de Fin de Semana en Domicilio - CCh (Pena Sustitutiva),Hombre,1
31/08/2026,Región Metropolitana,C.R.S. Santiago Occidente,Tradicional,Subsistema Abierto,Régimen de Control Abierto,Penas Sustitutivas,Reclusión Parcial de Fin de Semana en Domicilio - CCh (Pena Sustitutiva),Hombre,1
31/08/2026,Región de Antofagasta,C.R.S. Calama,Tradicional,Subsistema Abierto,Régimen de Control Abierto,Penas Sustitutivas,Reclusión Parcial de Fin de Semana en Domicilio - CCh (Pena Sustitutiva),Hombre,1
31/08/2026,Región del Libertador Bernardo O'Higgins,C.R.S. Rancagua,Tradicional,Subsistema Abierto,Régimen de Control Abierto,Penas Sustitutivas,Reclusión Parcial de Fin de Semana en Domicilio - CCh (Pena Sustitutiva),Hombre,1
31/08/2026,Región de la Araucanía,C.R.S. Temuco,Tradicional,Subsistema Abierto,Régimen de Control Abierto,Penas Sustitutivas,Reclusión Parcial de Fin de Semana en Domicilio - CCh (Pena Sustitutiva),Mujer,1
31/08/2026,Región de Aysén del General Carlos Ibáñez del Campo,C.R.S. Coyhaique,Tradicional,Subsistema Abierto,Régimen de Control Abierto,Penas Sustitutivas,P.S.B.C. por Pena Sustitutiva (Ley N°20.603),Mujer,1
31/08/2026,Región de Magallanes y la Antártica Chilena,C.R.S. Punta Arenas,Tradicional,Subsistema Abierto,Régimen de Control Abierto,Penas Sustitutivas,P.S.B.C. por Pena Sustitutiva (Ley N°20.603),Mujer,1
31/08/2026,Región de Valparaíso,C.R.S. Los Andes,Tradicional,Subsistema Abierto,Régimen de Control Abierto,Penas Sustitutivas,P.S.B.C. por Pena Sustitutiva (Ley N°20.603),Mujer,1
31/08/2026,Región del Libertador Bernardo O'Higgins,C.R.S. San Fernando,Tradicional,Subsistema Abierto,Régimen de Control Abierto,Penas Sustitutivas,P.S.B.C. por Pena Sustitutiva (Ley N°20.603),Mujer,1
31/08/2026,Región del Biobío,C.R.S. Los Ángeles,Tradicional,Subsistema Abierto,Régimen de Control Abierto,Penas Sustitutivas,P.S.B.C. por Pena Sustitutiva (Ley N°20.603),Mujer,1
31/08/2026,Región de la Araucanía,C.R.S. Villarrica,Tradicional,Subsistema Abierto,Régimen de Control Abierto,Penas Sustitutivas,P.S.B.C. por Pena Sustitutiva (Ley N°20.603),Mujer,1
31/08/2026,Región del Libertador Bernardo O'Higgins,C.R.S. Rancagua,Tradicional,Subsistema Abierto,Régimen de Control Abierto,Penas Sustitutivas,Reclusión Parcial Diurna En Domicilio - Cch (Pena Sustitutiva),Hombre,1
31/08/2026,Región del Biobío,C.R.S. Los Ángeles,Tradicional,Subsistema Abierto,Régimen de Control Abierto,Penas Sustitutivas,Reclusión Parcial Diurna En Domicilio - Cch (Pena Sustitutiva),Hombre,1
31/08/2026,Región Metropolitana,C.R.S. Santiago Oriente,Tradicional,Subsistema Abierto,Régimen de Control Abierto,Penas Sustitutivas,Libertad Vigilada (Pena Sustitutiva),Mujer,1
31/08/2026,Región de Atacama,C.R.S. Vallenar,Tradicional,Subsistema Abierto,Régimen de Control Abierto,Penas Sustitutivas,Libertad Vigilada (Pena Sustitutiva),Mujer,1
31/08/2026,Región del Libertador Bernardo O'Higgins,C.R.S. Rancagua,Tradicional,Subsistema Abierto,Régimen de Control Abierto,Penas Sustitutivas,Libertad Vigilada (Pena Sustitutiva),Mujer,1
31/08/2026,Región del Maule,C.R.S. Cauquenes,Tradicional,Subsistema Abierto,Régimen de Control Abierto,Penas Sustitutivas,Libertad Vigilada (Pena Sustitutiva),Mujer,1
31/08/2026,Región de Antofagasta,C.R.S. Calama,Tradicional,Subsistema Abierto,Régimen de Control Abierto,Penas Sustitutivas,Reclusión Parcial Nocturna en Domicilio - MT (Pena Sustitutiva),Mujer,1
31/08/2026,Región del Maule,C.D.P. Chanco,Tradicional,Subsistema Abierto,Régimen de Control Abierto,Penas Sustitutivas,Reclusión Parcial Diurna (Pena Sustitutiva),Hombre,1
31/08/2026,Región del Maule,C.D.P. Chanco,Tradicional,Subsistema Abierto,Régimen de Control Abierto,Penas Sustitutivas,Remisión Condicional (Pena Sustitutiva),Mujer,1
31/08/2026,Región de Los Lagos,C.P. Puerto Montt,Concesionada,Subsistema Abierto,Régimen de Control Abierto,Penas Sustitutivas,Reclusión Parcial De Fin De Semana  (Pena Sustitutiva),Hombre,1
31/08/2026,Región de Los Lagos,C.P. Puerto Montt,Concesionada,Subsistema Abierto,Régimen de Control Abierto,Penas Sustitutivas,Reclusión Parcial Nocturna (Pena Sustitutiva),Mujer,1
31/08/2026,Región de Valparaíso,C.R.S. Los Andes,Tradicional,Subsistema Abierto,Régimen de Control Abierto,Penas Sustitutivas,Reclusión Parcial Diurna en Domicilio - MT (Pena Sustitutiva),Hombre,2
31/08/2026,Región del Biobío,C.R.S. Cañete,Tradicional,Subsistema Abierto,Régimen de Control Abierto,Penas Sustitutivas,Reclusión Parcial de Fin de Semana en Domicilio - CCh (Pena Sustitutiva),Hombre,2
31/08/2026,Región de la Araucanía,C.R.S. Temuco,Tradicional,Subsistema Abierto,Régimen de Control Abierto,Penas Sustitutivas,Reclusión Parcial Diurna En Domicilio - Cch (Pena Sustitutiva),Hombre,2
31/08/2026,Región de Los Lagos,C.R.S. Castro,Tradicional,Subsistema Abierto,Régimen de Control Abierto,Penas Sustitutivas,Libertad Vigilada (Pena Sustitutiva),Mujer,2
31/08/2026,Región de Valparaíso,S.C. Isla de Pascua,Tradicional,Subsistema Abierto,Régimen de Control Abierto,Penas Sustitutivas,Libertad Vigilada (Pena Sustitutiva),Hombre,2
31/08/2026,Región de la Araucanía,C.R.S. Villarrica,Tradicional,Subsistema Abierto,Régimen de Control Abierto,Penas Sustitutivas,Libertad Vigilada (Pena Sustitutiva),Mujer,2
31/08/2026,Región Metropolitana,C.R.S. Santiago Occidente,Tradicional,Subsistema Abierto,Régimen de Control Abierto,Penas Sustitutivas,Reclusión Parcial de Fin de Semana en Domicilio - MT (Pena Sustitutiva),Hombre,2
31/08/2026,Región de Coquimbo,C.R.S. La Serena,Tradicional,Subsistema Abierto,Régimen de Control Abierto,Penas Sustitutivas,Reclusión Parcial de Fin de Semana en Domicilio - MT (Pena Sustitutiva),Hombre,2
31/08/2026,Región de Los Lagos,C.R.S. Castro,Tradicional,Subsistema Abierto,Régimen de Control Abierto,Penas Sustitutivas,P.S.B.C. por Pena Sustitutiva (Ley N°20.603),Mujer,2
31/08/2026,Región de Atacama,C.R.S. Copiapó,Tradicional,Subsistema Abierto,Régimen de Control Abierto,Penas Sustitutivas,P.S.B.C. por Pena Sustitutiva (Ley N°20.603),Mujer,2
31/08/2026,Región del Maule,C.R.S. Cauquenes,Tradicional,Subsistema Abierto,Régimen de Control Abierto,Penas Sustitutivas,P.S.B.C. por Pena Sustitutiva (Ley N°20.603),Mujer,2
31/08/2026,Región de Los Lagos,C.R.S. Osorno,Tradicional,Subsistema Abierto,Régimen de Control Abierto,Penas Sustitutivas,P.S.B.C. por No Pago de Multa (Ley N°20.587),Mujer,2
31/08/2026,Región Metropolitana,C.R.S. Santiago Occidente,Tradicional,Subsistema Abierto,Régimen de Control Abierto,Penas Sustitutivas,P.S.B.C. por No Pago de Multa (Ley N°20.587),Mujer,2
31/08/2026,Región de Los Ríos,C.R.S. Valdivia,Tradicional,Subsistema Abierto,Régimen de Control Abierto,Penas Sustitutivas,P.S.B.C. por No Pago de Multa (Ley N°20.587),Mujer,2
31/08/2026,Región de Coquimbo,C.R.S. Illapel,Tradicional,Subsistema Abierto,Régimen de Control Abierto,Penas Sustitutivas,P.S.B.C. por No Pago de Multa (Ley N°20.587),Mujer,2
31/08/2026,Región del Libertador Bernardo O'Higgins,C.R.S. San Fernando,Tradicional,Subsistema Abierto,Régimen de Control Abierto,Penas Sustitutivas,P.S.B.C. por No Pago de Multa (Ley N°20.587),Mujer,2
31/08/2026,Región del Maule,C.R.S. Cauquenes,Tradicional,Subsistema Abierto,Régimen de Control Abierto,Penas Sustitutivas,P.S.B.C. por No Pago de Multa (Ley N°20.587),Hombre,2
31/08/2026,Región del Maule,C.R.S. Cauquenes,Tradicional,Subsistema Abierto,Régimen de Control Abierto,Penas Sustitutivas,P.S.B.C. por No Pago de Multa (Ley N°20.587),Mujer,2
31/08/2026,Región del Biobío,C.R.S. Cañete,Tradicional,Subsistema Abierto,Régimen de Control Abierto,Penas Sustitutivas,P.S.B.C. por No Pago de Multa (Ley N°20.587),Hombre,2
31/08/2026,Región de la Araucanía,C.R.S. Angol,Tradicional,Subsistema Abierto,Régimen de Control Abierto,Penas Sustitutivas,P.S.B.C. por No Pago de Multa (Ley N°20.587),Hombre,2
31/08/2026,Región de Los Lagos,C.R.S. Osorno,Tradicional,Subsistema Abierto,Régimen de Control Abierto,Penas Sustitutivas,Libertad Vigilada por Interrupción de la Pena - Pena Mixta,Hombre,2
31/08/2026,Región de Arica y Parinacota,C.R.S. Arica,Tradicional,Subsistema Abierto,Régimen de Control Abierto,Penas Sustitutivas,Libertad Vigilada por Interrupción de la Pena - Pena Mixta,Mujer,2
31/08/2026,Región de Ñuble,C.R.S. Chillán,Tradicional,Subsistema Abierto,Régimen de Control Abierto,Penas Sustitutivas,Libertad Vigilada por Interrupción de la Pena - Pena Mixta,Mujer,2
31/08/2026,Región de Atacama,C.R.S. Copiapó,Tradicional,Subsistema Abierto,Régimen de Control Abierto,Penas Sustitutivas,Libertad Vigilada por Interrupción de la Pena - Pena Mixta,Mujer,2
31/08/2026,Región de Valparaíso,C.R.S. Los Andes,Tradicional,Subsistema Abierto,Régimen de Control Abierto,Penas Sustitutivas,Libertad Vigilada por Interrupción de la Pena - Pena Mixta,Hombre,2
31/08/2026,Región de Valparaíso,C.R.S. Quilpué,Tradicional,Subsistema Abierto,Régimen de Control Abierto,Penas Sustitutivas,Libertad Vigilada por Interrupción de la Pena - Pena Mixta,Mujer,2
31/08/2026,Región de Valparaíso,C.R.S. San Antonio,Tradicional,Subsistema Abierto,Régimen de Control Abierto,Penas Sustitutivas,Libertad Vigilada por Interrupción de la Pena - Pena Mixta,Mujer,2
31/08/2026,Región del Libertador Bernardo O'Higgins,C.R.S. San Fernando,Tradicional,Subsistema Abierto,Régimen de Control Abierto,Penas Sustitutivas,Libertad Vigilada por Interrupción de la Pena - Pena Mixta,Hombre,2
31/08/2026,Región del Biobío,C.R.S. Cañete,Tradicional,Subsistema Abierto,Régimen de Control Abierto,Penas Sustitutivas,Libertad Vigilada por Interrupción de la Pena - Pena Mixta,Hombre,2
31/08/2026,Región de Aysén del General Carlos Ibáñez del Campo,C.D.P. Puerto Aysén,Tradicional,Subsistema Abierto,Régimen de Control Abierto,Penas Sustitutivas,Reclusión Parcial Nocturna en Domicilio - CCh (Pena Sustitutiva),Mujer,2
31/08/2026,Región de Magallanes y la Antártica Chilena,C.R.S. Punta Arenas,Tradicional,Subsistema Abierto,Régimen de Control Abierto,Penas Sustitutivas,Reclusión Parcial Nocturna en Domicilio - CCh (Pena Sustitutiva),Hombre,2
31/08/2026,Región de Magallanes y la Antártica Chilena,C.R.S. Punta Arenas,Tradicional,Subsistema Abierto,Régimen de Control Abierto,Penas Sustitutivas,Reclusión Parcial Nocturna en Domicilio - CCh (Pena Sustitutiva),Mujer,2
31/08/2026,Región Metropolitana,C.R.S. Santiago Norte,Tradicional,Subsistema Abierto,Régimen de Control Abierto,Penas Sustitutivas,Reclusión Parcial Nocturna en Domicilio - CCh (Pena Sustitutiva),Mujer,2
31/08/2026,Región de Ñuble,C.R.S. Chillán,Tradicional,Subsistema Abierto,Régimen de Control Abierto,Penas Sustitutivas,Reclusión Parcial Nocturna en Domicilio - CCh (Pena Sustitutiva),Mujer,2
31/08/2026,Región de Atacama,C.R.S. Copiapó,Tradicional,Subsistema Abierto,Régimen de Control Abierto,Penas Sustitutivas,Reclusión Parcial Nocturna en Domicilio - CCh (Pena Sustitutiva),Mujer,2
31/08/2026,Región de Valparaíso,S.C. Isla de Pascua,Tradicional,Subsistema Abierto,Régimen de Control Abierto,Penas Sustitutivas,Reclusión Parcial Nocturna en Domicilio - CCh (Pena Sustitutiva),Hombre,2
31/08/2026,Región de Valparaíso,C.R.S. Los Andes,Tradicional,Subsistema Abierto,Régimen de Control Abierto,Penas Sustitutivas,Reclusión Parcial Nocturna en Domicilio - CCh (Pena Sustitutiva),Mujer,2
31/08/2026,Región de Valparaíso,C.R.S. Valparaíso,Tradicional,Subsistema Abierto,Régimen de Control Abierto,Penas Sustitutivas,Reclusión Parcial Nocturna en Domicilio - CCh (Pena Sustitutiva),Hombre,2
31/08/2026,Región del Maule,C.R.S. Linares,Tradicional,Subsistema Abierto,Régimen de Control Abierto,Penas Sustitutivas,Reclusión Parcial Nocturna en Domicilio - CCh (Pena Sustitutiva),Mujer,2
31/08/2026,Región del Biobío,C.R.S. Concepción,Tradicional,Subsistema Abierto,Régimen de Control Abierto,Penas Sustitutivas,Reclusión Parcial Nocturna en Domicilio - CCh (Pena Sustitutiva),Hombre,2
31/08/2026,Región del Biobío,C.P. Biobío,Concesionada,Subsistema Abierto,Régimen de Control Abierto,Penas Sustitutivas,Reclusión Parcial Nocturna (Pena Sustitutiva),Mujer,2
31/08/2026,Región de Magallanes y la Antártica Chilena,C.R.S. Punta Arenas,Tradicional,Subsistema Abierto,Régimen de Control Abierto,Penas Sustitutivas,Reclusión Parcial Nocturna (Pena Sustitutiva),Mujer,2
31/08/2026,Región de Atacama,C.R.S. Copiapó,Tradicional,Subsistema Abierto,Régimen de Control Abierto,Penas Sustitutivas,Reclusión Parcial Nocturna (Pena Sustitutiva),Mujer,2
31/08/2026,Región de Coquimbo,C.R.S. La Serena,Tradicional,Subsistema Abierto,Régimen de Control Abierto,Penas Sustitutivas,Reclusión Parcial Nocturna (Pena Sustitutiva),Mujer,2
31/08/2026,Región de Valparaíso,C.D.P. Quillota,Tradicional,Subsistema Abierto,Régimen de Control Abierto,Penas Sustitutivas,Reclusión Parcial Nocturna (Pena Sustitutiva),Mujer,2
31/08/2026,Región de Coquimbo,C.D.P. Vicuña,Tradicional,Subsistema Abierto,Régimen de Control Abierto,Penas Sustitutivas,Reclusión Parcial Nocturna (Pena Sustitutiva),Hombre,2
31/08/2026,Región de Valparaíso,C.D.P. Petorca,Tradicional,Subsistema Abierto,Régimen de Control Abierto,Penas Sustitutivas,Reclusión Parcial Nocturna (Pena Sustitutiva),Hombre,2
31/08/2026,Región del Libertador Bernardo O'Higgins,C.C.P. Santa Cruz,Tradicional,Subsistema Abierto,Régimen de Control Abierto,Penas Sustitutivas,Reclusión Parcial Nocturna (Pena Sustitutiva),Hombre,2
31/08/2026,Región de Valparaíso,C.R.S. Valparaíso,Tradicional,Subsistema Abierto,Régimen de Control Abierto,Penas Sustitutivas,Reclusión Parcial Nocturna (Pena Sustitutiva),Mujer,3
31/08/2026,Región de Ñuble,C.C.P. Chillán,Tradicional,Subsistema Abierto,Régimen de Control Abierto,Penas Sustitutivas,Reclusión Parcial Nocturna (Pena Sustitutiva),Hombre,4
31/08/2026,Región de Valparaíso,C.D.P. Casablanca,Tradicional,Subsistema Abierto,Régimen de Control Abierto,Penas Sustitutivas,Reclusión Parcial Nocturna (Pena Sustitutiva),Hombre,4
31/08/2026,Región del Libertador Bernardo O'Higgins,C.D.P. Peumo,Tradicional,Subsistema Abierto,Régimen de Control Abierto,Penas Sustitutivas,Reclusión Parcial Nocturna (Pena Sustitutiva),Hombre,4
31/08/2026,Región de la Araucanía,C.C.P. Nueva Imperial,Tradicional,Subsistema Abierto,Régimen de Control Abierto,Penas Sustitutivas,Reclusión Parcial Nocturna (Pena Sustitutiva),Hombre,4
31/08/2026,Región de Los Lagos,C.P. Puerto Montt,Concesionada,Subsistema Abierto,Régimen de Control Abierto,Penas Sustitutivas,Reclusión Parcial Nocturna (Pena Sustitutiva),Hombre,38
31/08/2026,Región de Los Lagos,C.R.S. Castro,Tradicional,Subsistema Abierto,Régimen de Control Abierto,Penas Sustitutivas,Reclusión Parcial Nocturna (Pena Sustitutiva),Hombre,8
31/08/2026,Región de Los Lagos,C.R.S. Osorno,Tradicional,Subsistema Abierto,Régimen de Control Abierto,Penas Sustitutivas,Reclusión Parcial Nocturna (Pena Sustitutiva),Hombre,7
31/08/2026,Región de Aysén del General Carlos Ibáñez del Campo,C.R.S. Coyhaique,Tradicional,Subsistema Abierto,Régimen de Control Abierto,Penas Sustitutivas,Reclusión Parcial Nocturna (Pena Sustitutiva),Hombre,7
31/08/2026,Región de Magallanes y la Antártica Chilena,C.R.S. Punta Arenas,Tradicional,Subsistema Abierto,Régimen de Control Abierto,Penas Sustitutivas,Reclusión Parcial Nocturna (Pena Sustitutiva),Hombre,9
31/08/2026,Región de Los Ríos,C.R.S. Valdivia,Tradicional,Subsistema Abierto,Régimen de Control Abierto,Penas Sustitutivas,Reclusión Parcial Nocturna (Pena Sustitutiva),Hombre,8
31/08/2026,Región de Arica y Parinacota,C.R.S. Arica,Tradicional,Subsistema Abierto,Régimen de Control Abierto,Penas Sustitutivas,Reclusión Parcial Nocturna (Pena Sustitutiva),Hombre,39
31/08/2026,Región de Tarapacá,C.C.P. Iquique,Tradicional,Subsistema Abierto,Régimen de Control Abierto,Penas Sustitutivas,Reclusión Parcial Nocturna (Pena Sustitutiva),Hombre,63
31/08/2026,Región de Tarapacá,C.C.P. Iquique,Tradicional,Subsistema Abierto,Régimen de Control Abierto,Penas Sustitutivas,Reclusión Parcial Nocturna (Pena Sustitutiva),Mujer,7
31/08/2026,Región de Tarapacá,C.D.P. Pozo Almonte,Tradicional,Subsistema Abierto,Régimen de Control Abierto,Penas Sustitutivas,Reclusión Parcial Nocturna (Pena Sustitutiva),Hombre,6
31/08/2026,Región de Antofagasta,C.D.P. Tocopilla,Tradicional,Subsistema Abierto,Régimen de Control Abierto,Penas Sustitutivas,Reclusión Parcial Nocturna (Pena Sustitutiva),Hombre,8
31/08/2026,Región de Antofagasta,C.R.S. Antofagasta,Tradicional,Subsistema Abierto,Régimen de Control Abierto,Penas Sustitutivas,Reclusión Parcial Nocturna (Pena Sustitutiva),Hombre,66
31/08/2026,Región de Antofagasta,C.R.S. Antofagasta,Tradicional,Subsistema Abierto,Régimen de Control Abierto,Penas Sustitutivas,Reclusión Parcial Nocturna (Pena Sustitutiva),Mujer,5
31/08/2026,Región de Antofagasta,C.R.S. Calama,Tradicional,Subsistema Abierto,Régimen de Control Abierto,Penas Sustitutivas,Reclusión Parcial Nocturna (Pena Sustitutiva),Hombre,5
31/08/2026,Región de Atacama,C.R.S. Copiapó,Tradicional,Subsistema Abierto,Régimen de Control Abierto,Penas Sustitutivas,Reclusión Parcial Nocturna (Pena Sustitutiva),Hombre,27
31/08/2026,Región de Atacama,C.R.S. Vallenar,Tradicional,Subsistema Abierto,Régimen de Control Abierto,Penas Sustitutivas,Reclusión Parcial Nocturna (Pena Sustitutiva),Hombre,20
31/08/2026,Región de Coquimbo,C.R.S. La Serena,Tradicional,Subsistema Abierto,Régimen de Control Abierto,Penas Sustitutivas,Reclusión Parcial Nocturna (Pena Sustitutiva),Hombre,20
31/08/2026,Región de Valparaíso,C.C.P. Los Andes,Tradicional,Subsistema Abierto,Régimen de Control Abierto,Penas Sustitutivas,Reclusión Parcial Nocturna (Pena Sustitutiva),Hombre,5
31/08/2026,Región de Valparaíso,C.C.P. San Antonio,Tradicional,Subsistema Abierto,Régimen de Control Abierto,Penas Sustitutivas,Reclusión Parcial Nocturna (Pena Sustitutiva),Hombre,17
31/08/2026,Región de Valparaíso,C.D.P. Limache,Tradicional,Subsistema Abierto,Régimen de Control Abierto,Penas Sustitutivas,Reclusión Parcial Nocturna (Pena Sustitutiva),Hombre,23
31/08/2026,Región de Valparaíso,C.D.P. Quillota,Tradicional,Subsistema Abierto,Régimen de Control Abierto,Penas Sustitutivas,Reclusión Parcial Nocturna (Pena Sustitutiva),Hombre,6
31/08/2026,Región de Valparaíso,C.R.S. Valparaíso,Tradicional,Subsistema Abierto,Régimen de Control Abierto,Penas Sustitutivas,Reclusión Parcial Nocturna (Pena Sustitutiva),Hombre,40
31/08/2026,Región del Libertador Bernardo O'Higgins,C.R.S. Rancagua,Tradicional,Subsistema Abierto,Régimen de Control Abierto,Penas Sustitutivas,Reclusión Parcial Nocturna (Pena Sustitutiva),Hombre,27
31/08/2026,Región del Maule,C.C.P. Curicó,Tradicional,Subsistema Abierto,Régimen de Control Abierto,Penas Sustitutivas,Reclusión Parcial Nocturna (Pena Sustitutiva),Hombre,16
31/08/2026,Región del Maule,C.C.P. Linares,Tradicional,Subsistema Abierto,Régimen de Control Abierto,Penas Sustitutivas,Reclusión Parcial Nocturna (Pena Sustitutiva),Hombre,8
31/08/2026,Región del Maule,C.C.P. Talca,Tradicional,Subsistema Abierto,Régimen de Control Abierto,Penas Sustitutivas,Reclusión Parcial Nocturna (Pena Sustitutiva),Hombre,11
31/08/2026,Región del Biobío,C.P. Biobío,Concesionada,Subsistema Abierto,Régimen de Control Abierto,Penas Sustitutivas,Reclusión Parcial Nocturna (Pena Sustitutiva),Hombre,36
31/08/2026,Región de la Araucanía,C.C.P. Temuco,Tradicional,Subsistema Abierto,Régimen de Control Abierto,Penas Sustitutivas,Reclusión Parcial Nocturna (Pena Sustitutiva),Hombre,10
31/08/2026,Región de Los Lagos,C.R.S. Puerto Montt,Tradicional,Subsistema Abierto,Régimen de Control Abierto,Penas Sustitutivas,Reclusión Parcial de Fin de Semana en Domicilio - MT (Pena Sustitutiva),Hombre,5
31/08/2026,Región Metropolitana,C.R.S. Santiago Occidente,Tradicional,Subsistema Abierto,Régimen de Control Abierto,Penas Sustitutivas,Reclusión Parcial Diurna en Domicilio - MT (Pena Sustitutiva),Hombre,4
31/08/2026,Región Metropolitana,C.R.S. Santiago Oriente,Tradicional,Subsistema Abierto,Régimen de Control Abierto,Penas Sustitutivas,Reclusión Parcial Diurna en Domicilio - MT (Pena Sustitutiva),Hombre,7
31/08/2026,Región Metropolitana,C.R.S. Santiago Oriente,Tradicional,Subsistema Abierto,Régimen de Control Abierto,Penas Sustitutivas,Reclusión Parcial Diurna en Domicilio - MT (Pena Sustitutiva),Mujer,4
31/08/2026,Región Metropolitana,C.R.S. Santiago Sur II,Tradicional,Subsistema Abierto,Régimen de Control Abierto,Penas Sustitutivas,Reclusión Parcial Diurna en Domicilio - MT (Pena Sustitutiva),Hombre,4
31/08/2026,Región de Antofagasta,C.R.S. Antofagasta,Tradicional,Subsistema Abierto,Régimen de Control Abierto,Penas Sustitutivas,Reclusión Parcial Diurna en Domicilio - MT (Pena Sustitutiva),Hombre,8
31/08/2026,Región de Valparaíso,C.R.S. Los Andes,Tradicional,Subsistema Abierto,Régimen de Control Abierto,Penas Sustitutivas,Reclusión Parcial de Fin de Semana en Domicilio - MT (Pena Sustitutiva),Hombre,4
31/08/2026,Región del Maule,C.R.S. Curicó,Tradicional,Subsistema Abierto,Régimen de Control Abierto,Penas Sustitutivas,Reclusión Parcial de Fin de Semana en Domicilio - MT (Pena Sustitutiva),Hombre,4
31/08/2026,Región de la Araucanía,C.R.S. Temuco,Tradicional,Subsistema Abierto,Régimen de Control Abierto,Penas Sustitutivas,Reclusión Parcial de Fin de Semana en Domicilio - MT (Pena Sustitutiva),Hombre,6
31/08/2026,Región de Antofagasta,C.R.S. Antofagasta,Tradicional,Subsistema Abierto,Régimen de Control Abierto,Penas Sustitutivas,Reclusión Parcial de Fin de Semana en Domicilio - MT (Pena Sustitutiva),Hombre,3
31/08/2026,Región del Libertador Bernardo O'Higgins,C.R.S. Rancagua,Tradicional,Subsistema Abierto,Régimen de Control Abierto,Penas Sustitutivas,Reclusión Parcial Diurna en Domicilio - MT (Pena Sustitutiva),Hombre,3
31/08/2026,Región del Biobío,C.R.S. Concepción,Tradicional,Subsistema Abierto,Régimen de Control Abierto,Penas Sustitutivas,Reclusión Parcial de Fin de Semana en Domicilio - MT (Pena Sustitutiva),Hombre,3
31/08/2026,Región de Los Lagos,C.R.S. Puerto Montt,Tradicional,Subsistema Abierto,Régimen de Control Abierto,Penas Sustitutivas,Reclusión Parcial Nocturna en Domicilio - CCh (Pena Sustitutiva),Mujer,4
31/08/2026,Región del Libertador Bernardo O'Higgins,C.R.S. Rancagua,Tradicional,Subsistema Abierto,Régimen de Control Abierto,Penas Sustitutivas,Reclusión Parcial Nocturna en Domicilio - CCh (Pena Sustitutiva),Mujer,13
31/08/2026,Región del Biobío,C.R.S. Cañete,Tradicional,Subsistema Abierto,Régimen de Control Abierto,Penas Sustitutivas,Reclusión Parcial Nocturna en Domicilio - CCh (Pena Sustitutiva),Mujer,5
31/08/2026,Región de Los Lagos,C.D.P. Maullín,Tradicional,Subsistema Abierto,Régimen de Control Abierto,Penas Sustitutivas,Reclusión Parcial Nocturna en Domicilio - CCh (Pena Sustitutiva),Hombre,7
31/08/2026,Región de Los Lagos,C.R.S. Castro,Tradicional,Subsistema Abierto,Régimen de Control Abierto,Penas Sustitutivas,Reclusión Parcial Nocturna en Domicilio - CCh (Pena Sustitutiva),Hombre,60
31/08/2026,Región de Los Lagos,C.R.S. Osorno,Tradicional,Subsistema Abierto,Régimen de Control Abierto,Penas Sustitutivas,Reclusión Parcial Nocturna en Domicilio - CCh (Pena Sustitutiva),Hombre,4
31/08/2026,Región de Los Lagos,C.R.S. Puerto Montt,Tradicional,Subsistema Abierto,Régimen de Control Abierto,Penas Sustitutivas,Reclusión Parcial Nocturna en Domicilio - CCh (Pena Sustitutiva),Hombre,55
31/08/2026,Región de Aysén del General Carlos Ibáñez del Campo,C.D.P. Puerto Aysén,Tradicional,Subsistema Abierto,Régimen de Control Abierto,Penas Sustitutivas,Reclusión Parcial Nocturna en Domicilio - CCh (Pena Sustitutiva),Hombre,17
31/08/2026,Región de Aysén del General Carlos Ibáñez del Campo,C.R.S. Coyhaique,Tradicional,Subsistema Abierto,Régimen de Control Abierto,Penas Sustitutivas,Reclusión Parcial Nocturna en Domicilio - CCh (Pena Sustitutiva),Hombre,29
31/08/2026,Región Metropolitana,C.R.S. Santiago Norte,Tradicional,Subsistema Abierto,Régimen de Control Abierto,Penas Sustitutivas,Reclusión Parcial Nocturna en Domicilio - CCh (Pena Sustitutiva),Hombre,90
31/08/2026,Región Metropolitana,C.R.S. Santiago Occidente,Tradicional,Subsistema Abierto,Régimen de Control Abierto,Penas Sustitutivas,Reclusión Parcial Nocturna en Domicilio - CCh (Pena Sustitutiva),Hombre,32
31/08/2026,Región de Ñuble,C.R.S. Chillán,Tradicional,Subsistema Abierto,Régimen de Control Abierto,Penas Sustitutivas,Reclusión Parcial Nocturna en Domicilio - CCh (Pena Sustitutiva),Hombre,42
31/08/2026,Región de Atacama,C.R.S. Copiapó,Tradicional,Subsistema Abierto,Régimen de Control Abierto,Penas Sustitutivas,Reclusión Parcial Nocturna en Domicilio - CCh (Pena Sustitutiva),Hombre,10
31/08/2026,Región de Atacama,C.R.S. Vallenar,Tradicional,Subsistema Abierto,Régimen de Control Abierto,Penas Sustitutivas,Reclusión Parcial Nocturna en Domicilio - CCh (Pena Sustitutiva),Hombre,5
31/08/2026,Región de Coquimbo,C.D.P. Vicuña,Tradicional,Subsistema Abierto,Régimen de Control Abierto,Penas Sustitutivas,Reclusión Parcial Nocturna en Domicilio - CCh (Pena Sustitutiva),Hombre,6
31/08/2026,Región de Coquimbo,C.R.S. Illapel,Tradicional,Subsistema Abierto,Régimen de Control Abierto,Penas Sustitutivas,Reclusión Parcial Nocturna en Domicilio - CCh (Pena Sustitutiva),Hombre,10
31/08/2026,Región de Coquimbo,C.R.S. La Serena,Tradicional,Subsistema Abierto,Régimen de Control Abierto,Penas Sustitutivas,Reclusión Parcial Nocturna en Domicilio - CCh (Pena Sustitutiva),Hombre,24
31/08/2026,Región de Coquimbo,C.R.S. Ovalle,Tradicional,Subsistema Abierto,Régimen de Control Abierto,Penas Sustitutivas,Reclusión Parcial Nocturna en Domicilio - CCh (Pena Sustitutiva),Hombre,15
31/08/2026,Región de Valparaíso,C.R.S. Los Andes,Tradicional,Subsistema Abierto,Régimen de Control Abierto,Penas Sustitutivas,Reclusión Parcial Nocturna en Domicilio - CCh (Pena Sustitutiva),Hombre,12
31/08/2026,Región del Libertador Bernardo O'Higgins,C.R.S. Rancagua,Tradicional,Subsistema Abierto,Régimen de Control Abierto,Penas Sustitutivas,Reclusión Parcial Nocturna en Domicilio - CCh (Pena Sustitutiva),Hombre,165
31/08/2026,Región del Libertador Bernardo O'Higgins,C.R.S. San Fernando,Tradicional,Subsistema Abierto,Régimen de Control Abierto,Penas Sustitutivas,Reclusión Parcial Nocturna en Domicilio - CCh (Pena Sustitutiva),Hombre,28
31/08/2026,Región del Maule,C.D.P. Constitución,Tradicional,Subsistema Abierto,Régimen de Control Abierto,Penas Sustitutivas,Reclusión Parcial Nocturna en Domicilio - CCh (Pena Sustitutiva),Hombre,5
31/08/2026,Región del Maule,C.R.S. Cauquenes,Tradicional,Subsistema Abierto,Régimen de Control Abierto,Penas Sustitutivas,Reclusión Parcial Nocturna en Domicilio - CCh (Pena Sustitutiva),Hombre,18
31/08/2026,Región del Maule,C.R.S. Curicó,Tradicional,Subsistema Abierto,Régimen de Control Abierto,Penas Sustitutivas,Reclusión Parcial Nocturna en Domicilio - CCh (Pena Sustitutiva),Hombre,23
31/08/2026,Región del Maule,C.R.S. Linares,Tradicional,Subsistema Abierto,Régimen de Control Abierto,Penas Sustitutivas,Reclusión Parcial Nocturna en Domicilio - CCh (Pena Sustitutiva),Hombre,43
31/08/2026,Región del Maule,C.R.S. Talca,Tradicional,Subsistema Abierto,Régimen de Control Abierto,Penas Sustitutivas,Reclusión Parcial Nocturna en Domicilio - CCh (Pena Sustitutiva),Hombre,16
31/08/2026,Región del Biobío,C.R.S. Cañete,Tradicional,Subsistema Abierto,Régimen de Control Abierto,Penas Sustitutivas,Reclusión Parcial Nocturna en Domicilio - CCh (Pena Sustitutiva),Hombre,38
31/08/2026,Región del Biobío,C.R.S. Coronel,Tradicional,Subsistema Abierto,Régimen de Control Abierto,Penas Sustitutivas,Reclusión Parcial Nocturna en Domicilio - CCh (Pena Sustitutiva),Hombre,4
31/08/2026,Región del Biobío,C.R.S. Los Ángeles,Tradicional,Subsistema Abierto,Régimen de Control Abierto,Penas Sustitutivas,Reclusión Parcial Nocturna en Domicilio - CCh (Pena Sustitutiva),Hombre,28
31/08/2026,Región de Valparaíso,C.R.S. San Antonio,Tradicional,Subsistema Abierto,Régimen de Control Abierto,Penas Sustitutivas,Reclusión Parcial Nocturna en Domicilio - CCh (Pena Sustitutiva),Hombre,3
31/08/2026,Región de la Araucanía,C.C.P. Collipulli,Tradicional,Subsistema Abierto,Régimen de Control Abierto,Penas Sustitutivas,Reclusión Parcial Nocturna en Domicilio - CCh (Pena Sustitutiva),Hombre,15
31/08/2026,Región de la Araucanía,C.C.P. Lautaro,Tradicional,Subsistema Abierto,Régimen de Control Abierto,Penas Sustitutivas,Reclusión Parcial Nocturna en Domicilio - CCh (Pena Sustitutiva),Hombre,33
31/08/2026,Región de la Araucanía,C.C.P. Nueva Imperial,Tradicional,Subsistema Abierto,Régimen de Control Abierto,Penas Sustitutivas,Reclusión Parcial Nocturna en Domicilio - CCh (Pena Sustitutiva),Hombre,56
31/08/2026,Región de la Araucanía,C.C.P. Nueva Imperial,Tradicional,Subsistema Abierto,Régimen de Control Abierto,Penas Sustitutivas,Reclusión Parcial Nocturna en Domicilio - CCh (Pena Sustitutiva),Mujer,3
31/08/2026,Región de la Araucanía,C.C.P. Victoria,Tradicional,Subsistema Abierto,Régimen de Control Abierto,Penas Sustitutivas,Reclusión Parcial Nocturna en Domicilio - CCh (Pena Sustitutiva),Hombre,21
31/08/2026,Región de la Araucanía,C.D.P. Curacautín,Tradicional,Subsistema Abierto,Régimen de Control Abierto,Penas Sustitutivas,Reclusión Parcial Nocturna en Domicilio - CCh (Pena Sustitutiva),Hombre,5
31/08/2026,Región de la Araucanía,C.D.P. Pitrufquén,Tradicional,Subsistema Abierto,Régimen de Control Abierto,Penas Sustitutivas,Reclusión Parcial Nocturna en Domicilio - CCh (Pena Sustitutiva),Hombre,17
31/08/2026,Región de la Araucanía,C.D.P. Traiguén,Tradicional,Subsistema Abierto,Régimen de Control Abierto,Penas Sustitutivas,Reclusión Parcial Nocturna en Domicilio - CCh (Pena Sustitutiva),Hombre,12
31/08/2026,Región de la Araucanía,C.R.S. Angol,Tradicional,Subsistema Abierto,Régimen de Control Abierto,Penas Sustitutivas,Reclusión Parcial Nocturna en Domicilio - CCh (Pena Sustitutiva),Hombre,13
31/08/2026,Región de la Araucanía,C.R.S. Temuco,Tradicional,Subsistema Abierto,Régimen de Control Abierto,Penas Sustitutivas,Reclusión Parcial Nocturna en Domicilio - CCh (Pena Sustitutiva),Hombre,58
31/08/2026,Región de la Araucanía,C.R.S. Temuco,Tradicional,Subsistema Abierto,Régimen de Control Abierto,Penas Sustitutivas,Reclusión Parcial Nocturna en Domicilio - CCh (Pena Sustitutiva),Mujer,7
31/08/2026,Región de la Araucanía,C.R.S. Villarrica,Tradicional,Subsistema Abierto,Régimen de Control Abierto,Penas Sustitutivas,Reclusión Parcial Nocturna en Domicilio - CCh (Pena Sustitutiva),Hombre,42
31/08/2026,Región Metropolitana,C.R.S. Santiago Centro,Tradicional,Subsistema Abierto,Régimen de Control Abierto,Penas Sustitutivas,Libertad Vigilada por Interrupción de la Pena - Pena Mixta,Hombre,32
31/08/2026,Región Metropolitana,C.R.S. Santiago Norte,Tradicional,Subsistema Abierto,Régimen de Control Abierto,Penas Sustitutivas,Libertad Vigilada por Interrupción de la Pena - Pena Mixta,Hombre,43
31/08/2026,Región Metropolitana,C.R.S. Santiago Occidente,Tradicional,Subsistema Abierto,Régimen de Control Abierto,Penas Sustitutivas,Libertad Vigilada por Interrupción de la Pena - Pena Mixta,Hombre,8
31/08/2026,Región Metropolitana,C.R.S. Santiago Oriente,Tradicional,Subsistema Abierto,Régimen de Control Abierto,Penas Sustitutivas,Libertad Vigilada por Interrupción de la Pena - Pena Mixta,Hombre,20
31/08/2026,Región Metropolitana,C.R.S. Santiago Oriente,Tradicional,Subsistema Abierto,Régimen de Control Abierto,Penas Sustitutivas,Libertad Vigilada por Interrupción de la Pena - Pena Mixta,Mujer,9
31/08/2026,Región Metropolitana,C.R.S. Santiago Sur II,Tradicional,Subsistema Abierto,Régimen de Control Abierto,Penas Sustitutivas,Libertad Vigilada por Interrupción de la Pena - Pena Mixta,Hombre,31
31/08/2026,Región Metropolitana,C.R.S. Santiago Sur II,Tradicional,Subsistema Abierto,Régimen de Control Abierto,Penas Sustitutivas,Libertad Vigilada por Interrupción de la Pena - Pena Mixta,Mujer,14
31/08/2026,Región Metropolitana,C.R.S. Santiago Sur,Tradicional,Subsistema Abierto,Régimen de Control Abierto,Penas Sustitutivas,Libertad Vigilada por Interrupción de la Pena - Pena Mixta,Hombre,29
31/08/2026,Región de Los Ríos,C.R.S. Valdivia,Tradicional,Subsistema Abierto,Régimen de Control Abierto,Penas Sustitutivas,Libertad Vigilada por Interrupción de la Pena - Pena Mixta,Hombre,10
31/08/2026,Región de Antofagasta,C.R.S. Antofagasta,Tradicional,Subsistema Abierto,Régimen de Control Abierto,Penas Sustitutivas,Libertad Vigilada por Interrupción de la Pena - Pena Mixta,Hombre,19
31/08/2026,Región de Valparaíso,C.R.S. San Antonio,Tradicional,Subsistema Abierto,Régimen de Control Abierto,Penas Sustitutivas,Libertad Vigilada por Interrupción de la Pena - Pena Mixta,Hombre,10
31/08/2026,Región de Valparaíso,C.R.S. Valparaíso,Tradicional,Subsistema Abierto,Régimen de Control Abierto,Penas Sustitutivas,Libertad Vigilada por Interrupción de la Pena - Pena Mixta,Hombre,28
31/08/2026,Región de Valparaíso,C.R.S. Valparaíso,Tradicional,Subsistema Abierto,Régimen de Control Abierto,Penas Sustitutivas,Libertad Vigilada por Interrupción de la Pena - Pena Mixta,Mujer,8
31/08/2026,Región del Maule,C.R.S. Curicó,Tradicional,Subsistema Abierto,Régimen de Control Abierto,Penas Sustitutivas,Libertad Vigilada por Interrupción de la Pena - Pena Mixta,Hombre,13
31/08/2026,Región del Maule,C.R.S. Linares,Tradicional,Subsistema Abierto,Régimen de Control Abierto,Penas Sustitutivas,Libertad Vigilada por Interrupción de la Pena - Pena Mixta,Hombre,15
31/08/2026,Región del Maule,C.R.S. Talca,Tradicional,Subsistema Abierto,Régimen de Control Abierto,Penas Sustitutivas,Libertad Vigilada por Interrupción de la Pena - Pena Mixta,Hombre,10
31/08/2026,Región del Biobío,C.R.S. Concepción,Tradicional,Subsistema Abierto,Régimen de Control Abierto,Penas Sustitutivas,Libertad Vigilada por Interrupción de la Pena - Pena Mixta,Hombre,16
31/08/2026,Región del Biobío,C.R.S. Los Ángeles,Tradicional,Subsistema Abierto,Régimen de Control Abierto,Penas Sustitutivas,Libertad Vigilada por Interrupción de la Pena - Pena Mixta,Hombre,9
31/08/2026,Región de la Araucanía,C.R.S. Temuco,Tradicional,Subsistema Abierto,Régimen de Control Abierto,Penas Sustitutivas,Libertad Vigilada por Interrupción de la Pena - Pena Mixta,Hombre,8
31/08/2026,Región de Ñuble,C.R.S. Chillán,Tradicional,Subsistema Abierto,Régimen de Control Abierto,Penas Sustitutivas,Libertad Vigilada por Interrupción de la Pena - Pena Mixta,Hombre,7
31/08/2026,Región de Valparaíso,C.R.S. Quillota,Tradicional,Subsistema Abierto,Régimen de Control Abierto,Penas Sustitutivas,Libertad Vigilada por Interrupción de la Pena - Pena Mixta,Hombre,7
31/08/2026,Región del Libertador Bernardo O'Higgins,C.R.S. Rancagua,Tradicional,Subsistema Abierto,Régimen de Control Abierto,Penas Sustitutivas,Libertad Vigilada por Interrupción de la Pena - Pena Mixta,Hombre,7
31/08/2026,Región de la Araucanía,C.R.S. Angol,Tradicional,Subsistema Abierto,Régimen de Control Abierto,Penas Sustitutivas,Libertad Vigilada por Interrupción de la Pena - Pena Mixta,Hombre,7
31/08/2026,Región de Los Lagos,C.R.S. Puerto Montt,Tradicional,Subsistema Abierto,Régimen de Control Abierto,Penas Sustitutivas,Libertad Vigilada por Interrupción de la Pena - Pena Mixta,Hombre,4
31/08/2026,Región Metropolitana,C.R.S. Santiago Centro,Tradicional,Subsistema Abierto,Régimen de Control Abierto,Penas Sustitutivas,Libertad Vigilada por Interrupción de la Pena - Pena Mixta,Mujer,4
31/08/2026,Región Metropolitana,C.R.S. Santiago Sur,Tradicional,Subsistema Abierto,Régimen de Control Abierto,Penas Sustitutivas,Libertad Vigilada por Interrupción de la Pena - Pena Mixta,Mujer,4
31/08/2026,Región de Tarapacá,C.R.S. Iquique,Tradicional,Subsistema Abierto,Régimen de Control Abierto,Penas Sustitutivas,Libertad Vigilada por Interrupción de la Pena - Pena Mixta,Hombre,4
31/08/2026,Región de Tarapacá,C.R.S. Iquique,Tradicional,Subsistema Abierto,Régimen de Control Abierto,Penas Sustitutivas,Libertad Vigilada por Interrupción de la Pena - Pena Mixta,Mujer,4
31/08/2026,Región de Antofagasta,C.R.S. Antofagasta,Tradicional,Subsistema Abierto,Régimen de Control Abierto,Penas Sustitutivas,Libertad Vigilada por Interrupción de la Pena - Pena Mixta,Mujer,4
31/08/2026,Región de Atacama,C.R.S. Copiapó,Tradicional,Subsistema Abierto,Régimen de Control Abierto,Penas Sustitutivas,Libertad Vigilada por Interrupción de la Pena - Pena Mixta,Hombre,4
31/08/2026,Región de Coquimbo,C.R.S. Illapel,Tradicional,Subsistema Abierto,Régimen de Control Abierto,Penas Sustitutivas,Libertad Vigilada por Interrupción de la Pena - Pena Mixta,Hombre,4
31/08/2026,Región de Coquimbo,C.R.S. La Serena,Tradicional,Subsistema Abierto,Régimen de Control Abierto,Penas Sustitutivas,Libertad Vigilada por Interrupción de la Pena - Pena Mixta,Hombre,4
31/08/2026,Región del Maule,C.R.S. Cauquenes,Tradicional,Subsistema Abierto,Régimen de Control Abierto,Penas Sustitutivas,Libertad Vigilada por Interrupción de la Pena - Pena Mixta,Hombre,4
31/08/2026,Región del Biobío,C.R.S. Concepción,Tradicional,Subsistema Abierto,Régimen de Control Abierto,Penas Sustitutivas,Libertad Vigilada por Interrupción de la Pena - Pena Mixta,Mujer,4
31/08/2026,Región de Antofagasta,C.R.S. Calama,Tradicional,Subsistema Abierto,Régimen de Control Abierto,Penas Sustitutivas,Libertad Vigilada por Interrupción de la Pena - Pena Mixta,Hombre,5
31/08/2026,Región de Valparaíso,C.R.S. Quilpué,Tradicional,Subsistema Abierto,Régimen de Control Abierto,Penas Sustitutivas,Libertad Vigilada por Interrupción de la Pena - Pena Mixta,Hombre,5
31/08/2026,Región de la Araucanía,C.R.S. Villarrica,Tradicional,Subsistema Abierto,Régimen de Control Abierto,Penas Sustitutivas,Libertad Vigilada por Interrupción de la Pena - Pena Mixta,Hombre,5
31/08/2026,Región de Los Lagos,C.R.S. Castro,Tradicional,Subsistema Abierto,Régimen de Control Abierto,Penas Sustitutivas,Libertad Vigilada por Interrupción de la Pena - Pena Mixta,Hombre,3
31/08/2026,Región Metropolitana,C.R.S. Santiago Norte,Tradicional,Subsistema Abierto,Régimen de Control Abierto,Penas Sustitutivas,Libertad Vigilada por Interrupción de la Pena - Pena Mixta,Mujer,3
31/08/2026,Región Metropolitana,C.R.S. Santiago Occidente,Tradicional,Subsistema Abierto,Régimen de Control Abierto,Penas Sustitutivas,Libertad Vigilada por Interrupción de la Pena - Pena Mixta,Mujer,3
31/08/2026,Región de Los Ríos,C.R.S. Valdivia,Tradicional,Subsistema Abierto,Régimen de Control Abierto,Penas Sustitutivas,Libertad Vigilada por Interrupción de la Pena - Pena Mixta,Mujer,3
31/08/2026,Región de Arica y Parinacota,C.R.S. Arica,Tradicional,Subsistema Abierto,Régimen de Control Abierto,Penas Sustitutivas,Libertad Vigilada por Interrupción de la Pena - Pena Mixta,Hombre,3
31/08/2026,Región de Atacama,C.R.S. Vallenar,Tradicional,Subsistema Abierto,Régimen de Control Abierto,Penas Sustitutivas,Libertad Vigilada por Interrupción de la Pena - Pena Mixta,Hombre,3
31/08/2026,Región de Coquimbo,C.R.S. Ovalle,Tradicional,Subsistema Abierto,Régimen de Control Abierto,Penas Sustitutivas,Libertad Vigilada por Interrupción de la Pena - Pena Mixta,Hombre,3
31/08/2026,Región del Maule,C.R.S. Linares,Tradicional,Subsistema Abierto,Régimen de Control Abierto,Penas Sustitutivas,Libertad Vigilada por Interrupción de la Pena - Pena Mixta,Mujer,3
31/08/2026,Región del Maule,C.R.S. Talca,Tradicional,Subsistema Abierto,Régimen de Control Abierto,Penas Sustitutivas,Libertad Vigilada por Interrupción de la Pena - Pena Mixta,Mujer,3
31/08/2026,Región del Biobío,C.R.S. Coronel,Tradicional,Subsistema Abierto,Régimen de Control Abierto,Penas Sustitutivas,Libertad Vigilada por Interrupción de la Pena - Pena Mixta,Hombre,3
31/08/2026,Región de Valparaíso,C.R.S. Quillota,Tradicional,Subsistema Abierto,Régimen de Control Abierto,Penas Sustitutivas,P.S.B.C. por No Pago de Multa (Ley N°20.587),Hombre,7
31/08/2026,Región de Valparaíso,C.R.S. Quillota,Tradicional,Subsistema Abierto,Régimen de Control Abierto,Penas Sustitutivas,P.S.B.C. por No Pago de Multa (Ley N°20.587),Mujer,7
31/08/2026,Región del Libertador Bernardo O'Higgins,C.R.S. Rancagua,Tradicional,Subsistema Abierto,Régimen de Control Abierto,Penas Sustitutivas,P.S.B.C. por No Pago de Multa (Ley N°20.587),Mujer,7
31/08/2026,Región Metropolitana,C.R.S. Santiago Sur II,Tradicional,Subsistema Abierto,Régimen de Control Abierto,Penas Sustitutivas,P.S.B.C. por No Pago de Multa (Ley N°20.587),Mujer,8
31/08/2026,Región de Antofagasta,C.R.S. Calama,Tradicional,Subsistema Abierto,Régimen de Control Abierto,Penas Sustitutivas,P.S.B.C. por No Pago de Multa (Ley N°20.587),Hombre,8
31/08/2026,Región de Antofagasta,C.R.S. Antofagasta,Tradicional,Subsistema Abierto,Régimen de Control Abierto,Penas Sustitutivas,P.S.B.C. por No Pago de Multa (Ley N°20.587),Mujer,83
31/08/2026,Región de Coquimbo,C.R.S. La Serena,Tradicional,Subsistema Abierto,Régimen de Control Abierto,Penas Sustitutivas,P.S.B.C. por No Pago de Multa (Ley N°20.587),Mujer,16
31/08/2026,Región de Valparaíso,C.R.S. Quilpué,Tradicional,Subsistema Abierto,Régimen de Control Abierto,Penas Sustitutivas,P.S.B.C. por No Pago de Multa (Ley N°20.587),Mujer,14
31/08/2026,Región de Valparaíso,C.R.S. Valparaíso,Tradicional,Subsistema Abierto,Régimen de Control Abierto,Penas Sustitutivas,P.S.B.C. por No Pago de Multa (Ley N°20.587),Mujer,57
31/08/2026,Región del Maule,C.R.S. Talca,Tradicional,Subsistema Abierto,Régimen de Control Abierto,Penas Sustitutivas,P.S.B.C. por No Pago de Multa (Ley N°20.587),Mujer,12
31/08/2026,Región del Biobío,C.R.S. Concepción,Tradicional,Subsistema Abierto,Régimen de Control Abierto,Penas Sustitutivas,P.S.B.C. por No Pago de Multa (Ley N°20.587),Mujer,14
31/08/2026,Región de la Araucanía,C.R.S. Temuco,Tradicional,Subsistema Abierto,Régimen de Control Abierto,Penas Sustitutivas,P.S.B.C. por No Pago de Multa (Ley N°20.587),Mujer,30
31/08/2026,Región de Los Lagos,C.R.S. Puerto Montt,Tradicional,Subsistema Abierto,Régimen de Control Abierto,Penas Sustitutivas,P.S.B.C. por No Pago de Multa (Ley N°20.587),Hombre,18
31/08/2026,Región de Aysén del General Carlos Ibáñez del Campo,C.R.S. Coyhaique,Tradicional,Subsistema Abierto,Régimen de Control Abierto,Penas Sustitutivas,P.S.B.C. por No Pago de Multa (Ley N°20.587),Hombre,11
31/08/2026,Región de Magallanes y la Antártica Chilena,C.R.S. Punta Arenas,Tradicional,Subsistema Abierto,Régimen de Control Abierto,Penas Sustitutivas,P.S.B.C. por No Pago de Multa (Ley N°20.587),Hombre,21
31/08/2026,Región de Los Ríos,C.R.S. Valdivia,Tradicional,Subsistema Abierto,Régimen de Control Abierto,Penas Sustitutivas,P.S.B.C. por No Pago de Multa (Ley N°20.587),Hombre,20
31/08/2026,Región de Arica y Parinacota,C.R.S. Arica,Tradicional,Subsistema Abierto,Régimen de Control Abierto,Penas Sustitutivas,P.S.B.C. por No Pago de Multa (Ley N°20.587),Hombre,48
31/08/2026,Región de Tarapacá,C.R.S. Alto Hospicio,Tradicional,Subsistema Abierto,Régimen de Control Abierto,Penas Sustitutivas,P.S.B.C. por No Pago de Multa (Ley N°20.587),Hombre,10
31/08/2026,Región de Tarapacá,C.R.S. Iquique,Tradicional,Subsistema Abierto,Régimen de Control Abierto,Penas Sustitutivas,P.S.B.C. por No Pago de Multa (Ley N°20.587),Hombre,21
31/08/2026,Región de Antofagasta,C.R.S. Antofagasta,Tradicional,Subsistema Abierto,Régimen de Control Abierto,Penas Sustitutivas,P.S.B.C. por No Pago de Multa (Ley N°20.587),Hombre,175
31/08/2026,Región de Atacama,C.R.S. Copiapó,Tradicional,Subsistema Abierto,Régimen de Control Abierto,Penas Sustitutivas,P.S.B.C. por No Pago de Multa (Ley N°20.587),Hombre,11
31/08/2026,Región de Coquimbo,C.R.S. La Serena,Tradicional,Subsistema Abierto,Régimen de Control Abierto,Penas Sustitutivas,P.S.B.C. por No Pago de Multa (Ley N°20.587),Hombre,113
31/08/2026,Región de Coquimbo,C.R.S. Ovalle,Tradicional,Subsistema Abierto,Régimen de Control Abierto,Penas Sustitutivas,P.S.B.C. por No Pago de Multa (Ley N°20.587),Hombre,11
31/08/2026,Región de Valparaíso,C.R.S. Quilpué,Tradicional,Subsistema Abierto,Régimen de Control Abierto,Penas Sustitutivas,P.S.B.C. por No Pago de Multa (Ley N°20.587),Hombre,58
31/08/2026,Región de Valparaíso,C.R.S. San Antonio,Tradicional,Subsistema Abierto,Régimen de Control Abierto,Penas Sustitutivas,P.S.B.C. por No Pago de Multa (Ley N°20.587),Hombre,12
31/08/2026,Región de Valparaíso,C.R.S. Valparaíso,Tradicional,Subsistema Abierto,Régimen de Control Abierto,Penas Sustitutivas,P.S.B.C. por No Pago de Multa (Ley N°20.587),Hombre,197
31/08/2026,Región del Libertador Bernardo O'Higgins,C.R.S. Rancagua,Tradicional,Subsistema Abierto,Régimen de Control Abierto,Penas Sustitutivas,P.S.B.C. por No Pago de Multa (Ley N°20.587),Hombre,36
31/08/2026,Región del Libertador Bernardo O'Higgins,C.R.S. San Fernando,Tradicional,Subsistema Abierto,Régimen de Control Abierto,Penas Sustitutivas,P.S.B.C. por No Pago de Multa (Ley N°20.587),Hombre,10
31/08/2026,Región del Maule,C.R.S. Curicó,Tradicional,Subsistema Abierto,Régimen de Control Abierto,Penas Sustitutivas,P.S.B.C. por No Pago de Multa (Ley N°20.587),Hombre,50
31/08/2026,Región del Maule,C.R.S. Linares,Tradicional,Subsistema Abierto,Régimen de Control Abierto,Penas Sustitutivas,P.S.B.C. por No Pago de Multa (Ley N°20.587),Hombre,16
31/08/2026,Región del Maule,C.R.S. Talca,Tradicional,Subsistema Abierto,Régimen de Control Abierto,Penas Sustitutivas,P.S.B.C. por No Pago de Multa (Ley N°20.587),Hombre,31
31/08/2026,Región del Biobío,C.R.S. Concepción,Tradicional,Subsistema Abierto,Régimen de Control Abierto,Penas Sustitutivas,P.S.B.C. por No Pago de Multa (Ley N°20.587),Hombre,36
31/08/2026,Región del Biobío,C.R.S. Coronel,Tradicional,Subsistema Abierto,Régimen de Control Abierto,Penas Sustitutivas,P.S.B.C. por No Pago de Multa (Ley N°20.587),Hombre,12
31/08/2026,Región del Biobío,C.R.S. Los Ángeles,Tradicional,Subsistema Abierto,Régimen de Control Abierto,Penas Sustitutivas,P.S.B.C. por No Pago de Multa (Ley N°20.587),Hombre,12
31/08/2026,Región de la Araucanía,C.R.S. Temuco,Tradicional,Subsistema Abierto,Régimen de Control Abierto,Penas Sustitutivas,P.S.B.C. por No Pago de Multa (Ley N°20.587),Hombre,90
31/08/2026,Región Metropolitana,C.R.S. Santiago Centro,Tradicional,Subsistema Abierto,Régimen de Control Abierto,Penas Sustitutivas,P.S.B.C. por No Pago de Multa (Ley N°20.587),Hombre,20
31/08/2026,Región Metropolitana,C.R.S. Santiago Norte,Tradicional,Subsistema Abierto,Régimen de Control Abierto,Penas Sustitutivas,P.S.B.C. por No Pago de Multa (Ley N°20.587),Hombre,14
31/08/2026,Región Metropolitana,C.R.S. Santiago Occidente,Tradicional,Subsistema Abierto,Régimen de Control Abierto,Penas Sustitutivas,P.S.B.C. por No Pago de Multa (Ley N°20.587),Hombre,24
31/08/2026,Región Metropolitana,C.R.S. Santiago Oriente,Tradicional,Subsistema Abierto,Régimen de Control Abierto,Penas Sustitutivas,P.S.B.C. por No Pago de Multa (Ley N°20.587),Hombre,27
31/08/2026,Región Metropolitana,C.R.S. Santiago Sur II,Tradicional,Subsistema Abierto,Régimen de Control Abierto,Penas Sustitutivas,P.S.B.C. por No Pago de Multa (Ley N°20.587),Hombre,29
31/08/2026,Región Metropolitana,C.R.S. Santiago Sur,Tradicional,Subsistema Abierto,Régimen de Control Abierto,Penas Sustitutivas,P.S.B.C. por No Pago de Multa (Ley N°20.587),Hombre,21
31/08/2026,Región de Los Lagos,C.R.S. Osorno,Tradicional,Subsistema Abierto,Régimen de Control Abierto,Penas Sustitutivas,P.S.B.C. por No Pago de Multa (Ley N°20.587),Hombre,6
31/08/2026,Región Metropolitana,C.R.S. Santiago Sur,Tradicional,Subsistema Abierto,Régimen de Control Abierto,Penas Sustitutivas,P.S.B.C. por No Pago de Multa (Ley N°20.587),Mujer,6
31/08/2026,Región de Tarapacá,C.R.S. Iquique,Tradicional,Subsistema Abierto,Régimen de Control Abierto,Penas Sustitutivas,P.S.B.C. por No Pago de Multa (Ley N°20.587),Mujer,6
31/08/2026,Región de Valparaíso,C.R.S. Los Andes,Tradicional,Subsistema Abierto,Régimen de Control Abierto,Penas Sustitutivas,P.S.B.C. por No Pago de Multa (Ley N°20.587),Hombre,6
31/08/2026,Región del Maule,C.R.S. Linares,Tradicional,Subsistema Abierto,Régimen de Control Abierto,Penas Sustitutivas,P.S.B.C. por No Pago de Multa (Ley N°20.587),Mujer,6
31/08/2026,Región de Ñuble,C.R.S. Chillán,Tradicional,Subsistema Abierto,Régimen de Control Abierto,Penas Sustitutivas,P.S.B.C. por No Pago de Multa (Ley N°20.587),Mujer,5
31/08/2026,Región de Antofagasta,C.R.S. Calama,Tradicional,Subsistema Abierto,Régimen de Control Abierto,Penas Sustitutivas,P.S.B.C. por No Pago de Multa (Ley N°20.587),Mujer,5
31/08/2026,Región de Valparaíso,C.R.S. San Antonio,Tradicional,Subsistema Abierto,Régimen de Control Abierto,Penas Sustitutivas,P.S.B.C. por No Pago de Multa (Ley N°20.587),Mujer,5
31/08/2026,Región del Maule,C.R.S. Curicó,Tradicional,Subsistema Abierto,Régimen de Control Abierto,Penas Sustitutivas,P.S.B.C. por No Pago de Multa (Ley N°20.587),Mujer,5
31/08/2026,Región de la Araucanía,C.R.S. Villarrica,Tradicional,Subsistema Abierto,Régimen de Control Abierto,Penas Sustitutivas,P.S.B.C. por No Pago de Multa (Ley N°20.587),Hombre,5
31/08/2026,Región de Los Lagos,C.R.S. Puerto Montt,Tradicional,Subsistema Abierto,Régimen de Control Abierto,Penas Sustitutivas,P.S.B.C. por No Pago de Multa (Ley N°20.587),Mujer,4
31/08/2026,Región de Ñuble,C.R.S. Chillán,Tradicional,Subsistema Abierto,Régimen de Control Abierto,Penas Sustitutivas,P.S.B.C. por No Pago de Multa (Ley N°20.587),Hombre,4
31/08/2026,Región de Los Lagos,C.R.S. Castro,Tradicional,Subsistema Abierto,Régimen de Control Abierto,Penas Sustitutivas,P.S.B.C. por No Pago de Multa (Ley N°20.587),Hombre,3
31/08/2026,Región de Atacama,C.R.S. Vallenar,Tradicional,Subsistema Abierto,Régimen de Control Abierto,Penas Sustitutivas,P.S.B.C. por No Pago de Multa (Ley N°20.587),Hombre,3
31/08/2026,Región de Coquimbo,C.R.S. Illapel,Tradicional,Subsistema Abierto,Régimen de Control Abierto,Penas Sustitutivas,P.S.B.C. por No Pago de Multa (Ley N°20.587),Hombre,3
31/08/2026,Región Metropolitana,C.R.S. Santiago Norte,Tradicional,Subsistema Abierto,Régimen de Control Abierto,Penas Sustitutivas,P.S.B.C. por No Pago de Multa (Ley N°20.587),Mujer,3
31/08/2026,Región Metropolitana,C.R.S. Santiago Oriente,Tradicional,Subsistema Abierto,Régimen de Control Abierto,Penas Sustitutivas,P.S.B.C. por No Pago de Multa (Ley N°20.587),Mujer,3
31/08/2026,Región de Atacama,C.R.S. Copiapó,Tradicional,Subsistema Abierto,Régimen de Control Abierto,Penas Sustitutivas,P.S.B.C. por No Pago de Multa (Ley N°20.587),Mujer,3
31/08/2026,Región de Coquimbo,C.R.S. Ovalle,Tradicional,Subsistema Abierto,Régimen de Control Abierto,Penas Sustitutivas,P.S.B.C. por No Pago de Multa (Ley N°20.587),Mujer,3
31/08/2026,Región de Atacama,C.R.S. Vallenar,Tradicional,Subsistema Abierto,Régimen de Control Abierto,Penas Sustitutivas,P.S.B.C. por Pena Sustitutiva (Ley N°20.603),Mujer,3
31/08/2026,Región de Valparaíso,C.R.S. Quillota,Tradicional,Subsistema Abierto,Régimen de Control Abierto,Penas Sustitutivas,P.S.B.C. por Pena Sustitutiva (Ley N°20.603),Mujer,3
31/08/2026,Región del Maule,C.R.S. Linares,Tradicional,Subsistema Abierto,Régimen de Control Abierto,Penas Sustitutivas,P.S.B.C. por Pena Sustitutiva (Ley N°20.603),Mujer,3
31/08/2026,Región del Biobío,C.R.S. Coronel,Tradicional,Subsistema Abierto,Régimen de Control Abierto,Penas Sustitutivas,P.S.B.C. por Pena Sustitutiva (Ley N°20.603),Mujer,3
31/08/2026,Región de Los Lagos,C.R.S. Osorno,Tradicional,Subsistema Abierto,Régimen de Control Abierto,Penas Sustitutivas,P.S.B.C. por Pena Sustitutiva (Ley N°20.603),Mujer,4
31/08/2026,Región de Los Lagos,C.R.S. Puerto Montt,Tradicional,Subsistema Abierto,Régimen de Control Abierto,Penas Sustitutivas,P.S.B.C. por Pena Sustitutiva (Ley N°20.603),Mujer,6
31/08/2026,Región de Los Ríos,C.R.S. Valdivia,Tradicional,Subsistema Abierto,Régimen de Control Abierto,Penas Sustitutivas,P.S.B.C. por Pena Sustitutiva (Ley N°20.603),Mujer,4
31/08/2026,Región de Arica y Parinacota,C.R.S. Arica,Tradicional,Subsistema Abierto,Régimen de Control Abierto,Penas Sustitutivas,P.S.B.C. por Pena Sustitutiva (Ley N°20.603),Mujer,9
31/08/2026,Región de Ñuble,C.R.S. Chillán,Tradicional,Subsistema Abierto,Régimen de Control Abierto,Penas Sustitutivas,P.S.B.C. por Pena Sustitutiva (Ley N°20.603),Mujer,13
31/08/2026,Región de Tarapacá,C.R.S. Alto Hospicio,Tradicional,Subsistema Abierto,Régimen de Control Abierto,Penas Sustitutivas,P.S.B.C. por Pena Sustitutiva (Ley N°20.603),Mujer,5
31/08/2026,Región de Tarapacá,C.R.S. Iquique,Tradicional,Subsistema Abierto,Régimen de Control Abierto,Penas Sustitutivas,P.S.B.C. por Pena Sustitutiva (Ley N°20.603),Mujer,8
31/08/2026,Región de Antofagasta,C.R.S. Antofagasta,Tradicional,Subsistema Abierto,Régimen de Control Abierto,Penas Sustitutivas,P.S.B.C. por Pena Sustitutiva (Ley N°20.603),Mujer,15
31/08/2026,Región de Coquimbo,C.R.S. La Serena,Tradicional,Subsistema Abierto,Régimen de Control Abierto,Penas Sustitutivas,P.S.B.C. por Pena Sustitutiva (Ley N°20.603),Mujer,23
31/08/2026,Región de Valparaíso,C.R.S. Quilpué,Tradicional,Subsistema Abierto,Régimen de Control Abierto,Penas Sustitutivas,P.S.B.C. por Pena Sustitutiva (Ley N°20.603),Mujer,6
31/08/2026,Región de Valparaíso,C.R.S. San Antonio,Tradicional,Subsistema Abierto,Régimen de Control Abierto,Penas Sustitutivas,P.S.B.C. por Pena Sustitutiva (Ley N°20.603),Mujer,6
31/08/2026,Región de Valparaíso,C.R.S. Valparaíso,Tradicional,Subsistema Abierto,Régimen de Control Abierto,Penas Sustitutivas,P.S.B.C. por Pena Sustitutiva (Ley N°20.603),Mujer,7
31/08/2026,Región del Libertador Bernardo O'Higgins,C.R.S. Rancagua,Tradicional,Subsistema Abierto,Régimen de Control Abierto,Penas Sustitutivas,P.S.B.C. por Pena Sustitutiva (Ley N°20.603),Mujer,9
31/08/2026,Región del Maule,C.R.S. Curicó,Tradicional,Subsistema Abierto,Régimen de Control Abierto,Penas Sustitutivas,P.S.B.C. por Pena Sustitutiva (Ley N°20.603),Mujer,4
31/08/2026,Región del Maule,C.R.S. Talca,Tradicional,Subsistema Abierto,Régimen de Control Abierto,Penas Sustitutivas,P.S.B.C. por Pena Sustitutiva (Ley N°20.603),Mujer,11
31/08/2026,Región del Biobío,C.R.S. Concepción,Tradicional,Subsistema Abierto,Régimen de Control Abierto,Penas Sustitutivas,P.S.B.C. por Pena Sustitutiva (Ley N°20.603),Mujer,10
31/08/2026,Región de la Araucanía,C.R.S. Temuco,Tradicional,Subsistema Abierto,Régimen de Control Abierto,Penas Sustitutivas,P.S.B.C. por Pena Sustitutiva (Ley N°20.603),Mujer,52
31/08/2026,Región de Aysén del General Carlos Ibáñez del Campo,C.R.S. Coyhaique,Tradicional,Subsistema Abierto,Régimen de Control Abierto,Penas Sustitutivas,P.S.B.C. por Pena Sustitutiva (Ley N°20.603),Hombre,26
31/08/2026,Región de Magallanes y la Antártica Chilena,C.R.S. Punta Arenas,Tradicional,Subsistema Abierto,Régimen de Control Abierto,Penas Sustitutivas,P.S.B.C. por Pena Sustitutiva (Ley N°20.603),Hombre,30
31/08/2026,Región de Los Ríos,C.R.S. Valdivia,Tradicional,Subsistema Abierto,Régimen de Control Abierto,Penas Sustitutivas,P.S.B.C. por Pena Sustitutiva (Ley N°20.603),Hombre,75
31/08/2026,Región de Arica y Parinacota,C.R.S. Arica,Tradicional,Subsistema Abierto,Régimen de Control Abierto,Penas Sustitutivas,P.S.B.C. por Pena Sustitutiva (Ley N°20.603),Hombre,51
31/08/2026,Región de Ñuble,C.R.S. Chillán,Tradicional,Subsistema Abierto,Régimen de Control Abierto,Penas Sustitutivas,P.S.B.C. por Pena Sustitutiva (Ley N°20.603),Hombre,29
31/08/2026,Región de Tarapacá,C.R.S. Alto Hospicio,Tradicional,Subsistema Abierto,Régimen de Control Abierto,Penas Sustitutivas,P.S.B.C. por Pena Sustitutiva (Ley N°20.603),Hombre,36
31/08/2026,Región de Tarapacá,C.R.S. Iquique,Tradicional,Subsistema Abierto,Régimen de Control Abierto,Penas Sustitutivas,P.S.B.C. por Pena Sustitutiva (Ley N°20.603),Hombre,26
31/08/2026,Región de Antofagasta,C.R.S. Antofagasta,Tradicional,Subsistema Abierto,Régimen de Control Abierto,Penas Sustitutivas,P.S.B.C. por Pena Sustitutiva (Ley N°20.603),Hombre,76
31/08/2026,Región de Antofagasta,C.R.S. Calama,Tradicional,Subsistema Abierto,Régimen de Control Abierto,Penas Sustitutivas,P.S.B.C. por Pena Sustitutiva (Ley N°20.603),Hombre,5
31/08/2026,Región de Atacama,C.R.S. Copiapó,Tradicional,Subsistema Abierto,Régimen de Control Abierto,Penas Sustitutivas,P.S.B.C. por Pena Sustitutiva (Ley N°20.603),Hombre,17
31/08/2026,Región de Atacama,C.R.S. Vallenar,Tradicional,Subsistema Abierto,Régimen de Control Abierto,Penas Sustitutivas,P.S.B.C. por Pena Sustitutiva (Ley N°20.603),Hombre,17
31/08/2026,Región del Libertador Bernardo O'Higgins,C.R.S. Rancagua,Tradicional,Subsistema Abierto,Régimen de Control Abierto,Penas Sustitutivas,P.S.B.C. por Pena Sustitutiva (Ley N°20.603),Hombre,71
31/08/2026,Región del Libertador Bernardo O'Higgins,C.R.S. San Fernando,Tradicional,Subsistema Abierto,Régimen de Control Abierto,Penas Sustitutivas,P.S.B.C. por Pena Sustitutiva (Ley N°20.603),Hombre,22
31/08/2026,Región de Coquimbo,C.R.S. Illapel,Tradicional,Subsistema Abierto,Régimen de Control Abierto,Penas Sustitutivas,P.S.B.C. por Pena Sustitutiva (Ley N°20.603),Hombre,7
31/08/2026,Región de Coquimbo,C.R.S. La Serena,Tradicional,Subsistema Abierto,Régimen de Control Abierto,Penas Sustitutivas,P.S.B.C. por Pena Sustitutiva (Ley N°20.603),Hombre,123
31/08/2026,Región de Coquimbo,C.R.S. Ovalle,Tradicional,Subsistema Abierto,Régimen de Control Abierto,Penas Sustitutivas,P.S.B.C. por Pena Sustitutiva (Ley N°20.603),Hombre,8
31/08/2026,Región de Los Lagos,C.R.S. Castro,Tradicional,Subsistema Abierto,Régimen de Control Abierto,Penas Sustitutivas,P.S.B.C. por Pena Sustitutiva (Ley N°20.603),Hombre,20
31/08/2026,Región de Los Lagos,C.R.S. Osorno,Tradicional,Subsistema Abierto,Régimen de Control Abierto,Penas Sustitutivas,P.S.B.C. por Pena Sustitutiva (Ley N°20.603),Hombre,45
31/08/2026,Región de Los Lagos,C.R.S. Puerto Montt,Tradicional,Subsistema Abierto,Régimen de Control Abierto,Penas Sustitutivas,P.S.B.C. por Pena Sustitutiva (Ley N°20.603),Hombre,94
31/08/2026,Región de la Araucanía,C.R.S. Angol,Tradicional,Subsistema Abierto,Régimen de Control Abierto,Penas Sustitutivas,P.S.B.C. por Pena Sustitutiva (Ley N°20.603),Hombre,30
31/08/2026,Región de la Araucanía,C.R.S. Temuco,Tradicional,Subsistema Abierto,Régimen de Control Abierto,Penas Sustitutivas,P.S.B.C. por Pena Sustitutiva (Ley N°20.603),Hombre,184
31/08/2026,Región de la Araucanía,C.R.S. Villarrica,Tradicional,Subsistema Abierto,Régimen de Control Abierto,Penas Sustitutivas,P.S.B.C. por Pena Sustitutiva (Ley N°20.603),Hombre,45
31/08/2026,Región del Maule,C.R.S. Cauquenes,Tradicional,Subsistema Abierto,Régimen de Control Abierto,Penas Sustitutivas,P.S.B.C. por Pena Sustitutiva (Ley N°20.603),Hombre,13
31/08/2026,Región del Maule,C.R.S. Curicó,Tradicional,Subsistema Abierto,Régimen de Control Abierto,Penas Sustitutivas,P.S.B.C. por Pena Sustitutiva (Ley N°20.603),Hombre,52
31/08/2026,Región del Maule,C.R.S. Linares,Tradicional,Subsistema Abierto,Régimen de Control Abierto,Penas Sustitutivas,P.S.B.C. por Pena Sustitutiva (Ley N°20.603),Hombre,31
31/08/2026,Región del Maule,C.R.S. Talca,Tradicional,Subsistema Abierto,Régimen de Control Abierto,Penas Sustitutivas,P.S.B.C. por Pena Sustitutiva (Ley N°20.603),Hombre,42
31/08/2026,Región del Biobío,C.R.S. Cañete,Tradicional,Subsistema Abierto,Régimen de Control Abierto,Penas Sustitutivas,P.S.B.C. por Pena Sustitutiva (Ley N°20.603),Hombre,10
31/08/2026,Región del Biobío,C.R.S. Concepción,Tradicional,Subsistema Abierto,Régimen de Control Abierto,Penas Sustitutivas,P.S.B.C. por Pena Sustitutiva (Ley N°20.603),Hombre,77
31/08/2026,Región del Biobío,C.R.S. Coronel,Tradicional,Subsistema Abierto,Régimen de Control Abierto,Penas Sustitutivas,P.S.B.C. por Pena Sustitutiva (Ley N°20.603),Hombre,25
31/08/2026,Región del Biobío,C.R.S. Los Ángeles,Tradicional,Subsistema Abierto,Régimen de Control Abierto,Penas Sustitutivas,P.S.B.C. por Pena Sustitutiva (Ley N°20.603),Hombre,41
31/08/2026,Región de Valparaíso,C.R.S. Los Andes,Tradicional,Subsistema Abierto,Régimen de Control Abierto,Penas Sustitutivas,P.S.B.C. por Pena Sustitutiva (Ley N°20.603),Hombre,17
31/08/2026,Región de Valparaíso,C.R.S. Quillota,Tradicional,Subsistema Abierto,Régimen de Control Abierto,Penas Sustitutivas,P.S.B.C. por Pena Sustitutiva (Ley N°20.603),Hombre,69
31/08/2026,Región de Valparaíso,C.R.S. Quilpué,Tradicional,Subsistema Abierto,Régimen de Control Abierto,Penas Sustitutivas,P.S.B.C. por Pena Sustitutiva (Ley N°20.603),Hombre,54
31/08/2026,Región de Valparaíso,C.R.S. San Antonio,Tradicional,Subsistema Abierto,Régimen de Control Abierto,Penas Sustitutivas,P.S.B.C. por Pena Sustitutiva (Ley N°20.603),Hombre,49
31/08/2026,Región de Valparaíso,C.R.S. Valparaíso,Tradicional,Subsistema Abierto,Régimen de Control Abierto,Penas Sustitutivas,P.S.B.C. por Pena Sustitutiva (Ley N°20.603),Hombre,146
31/08/2026,Región Metropolitana,C.R.S. Santiago Centro,Tradicional,Subsistema Abierto,Régimen de Control Abierto,Penas Sustitutivas,P.S.B.C. por Pena Sustitutiva (Ley N°20.603),Hombre,57
31/08/2026,Región Metropolitana,C.R.S. Santiago Centro,Tradicional,Subsistema Abierto,Régimen de Control Abierto,Penas Sustitutivas,P.S.B.C. por Pena Sustitutiva (Ley N°20.603),Mujer,8
31/08/2026,Región Metropolitana,C.R.S. Santiago Norte,Tradicional,Subsistema Abierto,Régimen de Control Abierto,Penas Sustitutivas,P.S.B.C. por Pena Sustitutiva (Ley N°20.603),Hombre,76
31/08/2026,Región Metropolitana,C.R.S. Santiago Norte,Tradicional,Subsistema Abierto,Régimen de Control Abierto,Penas Sustitutivas,P.S.B.C. por Pena Sustitutiva (Ley N°20.603),Mujer,8
31/08/2026,Región Metropolitana,C.R.S. Santiago Occidente,Tradicional,Subsistema Abierto,Régimen de Control Abierto,Penas Sustitutivas,P.S.B.C. por Pena Sustitutiva (Ley N°20.603),Hombre,95
31/08/2026,Región Metropolitana,C.R.S. Santiago Occidente,Tradicional,Subsistema Abierto,Régimen de Control Abierto,Penas Sustitutivas,P.S.B.C. por Pena Sustitutiva (Ley N°20.603),Mujer,6
31/08/2026,Región Metropolitana,C.R.S. Santiago Oriente,Tradicional,Subsistema Abierto,Régimen de Control Abierto,Penas Sustitutivas,P.S.B.C. por Pena Sustitutiva (Ley N°20.603),Hombre,44
31/08/2026,Región Metropolitana,C.R.S. Santiago Oriente,Tradicional,Subsistema Abierto,Régimen de Control Abierto,Penas Sustitutivas,P.S.B.C. por Pena Sustitutiva (Ley N°20.603),Mujer,11
31/08/2026,Región Metropolitana,C.R.S. Santiago Sur II,Tradicional,Subsistema Abierto,Régimen de Control Abierto,Penas Sustitutivas,P.S.B.C. por Pena Sustitutiva (Ley N°20.603),Hombre,265
31/08/2026,Región Metropolitana,C.R.S. Santiago Sur II,Tradicional,Subsistema Abierto,Régimen de Control Abierto,Penas Sustitutivas,P.S.B.C. por Pena Sustitutiva (Ley N°20.603),Mujer,40
31/08/2026,Región Metropolitana,C.R.S. Santiago Sur,Tradicional,Subsistema Abierto,Régimen de Control Abierto,Penas Sustitutivas,P.S.B.C. por Pena Sustitutiva (Ley N°20.603),Hombre,76
31/08/2026,Región Metropolitana,C.R.S. Santiago Sur,Tradicional,Subsistema Abierto,Régimen de Control Abierto,Penas Sustitutivas,P.S.B.C. por Pena Sustitutiva (Ley N°20.603),Mujer,12
31/08/2026,Región de Valparaíso,C.R.S. Los Andes,Tradicional,Subsistema Abierto,Régimen de Control Abierto,Penas Sustitutivas,Libertad Vigilada (Pena Sustitutiva),Hombre,25
31/08/2026,Región de Valparaíso,C.R.S. Los Andes,Tradicional,Subsistema Abierto,Régimen de Control Abierto,Penas Sustitutivas,Libertad Vigilada (Pena Sustitutiva),Mujer,21
31/08/2026,Región de Valparaíso,C.R.S. Quillota,Tradicional,Subsistema Abierto,Régimen de Control Abierto,Penas Sustitutivas,Libertad Vigilada (Pena Sustitutiva),Hombre,17
31/08/2026,Región de Valparaíso,C.R.S. Quillota,Tradicional,Subsistema Abierto,Régimen de Control Abierto,Penas Sustitutivas,Libertad Vigilada (Pena Sustitutiva),Mujer,14
31/08/2026,Región de Valparaíso,C.R.S. Quilpué,Tradicional,Subsistema Abierto,Régimen de Control Abierto,Penas Sustitutivas,Libertad Vigilada (Pena Sustitutiva),Hombre,25
31/08/2026,Región de Valparaíso,C.R.S. San Antonio,Tradicional,Subsistema Abierto,Régimen de Control Abierto,Penas Sustitutivas,Libertad Vigilada (Pena Sustitutiva),Hombre,31
31/08/2026,Región de Valparaíso,C.R.S. San Antonio,Tradicional,Subsistema Abierto,Régimen de Control Abierto,Penas Sustitutivas,Libertad Vigilada (Pena Sustitutiva),Mujer,23
31/08/2026,Región de Valparaíso,C.R.S. Valparaíso,Tradicional,Subsistema Abierto,Régimen de Control Abierto,Penas Sustitutivas,Libertad Vigilada (Pena Sustitutiva),Hombre,84
31/08/2026,Región de Valparaíso,C.R.S. Valparaíso,Tradicional,Subsistema Abierto,Régimen de Control Abierto,Penas Sustitutivas,Libertad Vigilada (Pena Sustitutiva),Mujer,33
31/08/2026,Región Metropolitana,C.R.S. Santiago Centro,Tradicional,Subsistema Abierto,Régimen de Control Abierto,Penas Sustitutivas,Libertad Vigilada (Pena Sustitutiva),Hombre,43
31/08/2026,Región Metropolitana,C.R.S. Santiago Norte,Tradicional,Subsistema Abierto,Régimen de Control Abierto,Penas Sustitutivas,Libertad Vigilada (Pena Sustitutiva),Hombre,27
31/08/2026,Región Metropolitana,C.R.S. Santiago Occidente,Tradicional,Subsistema Abierto,Régimen de Control Abierto,Penas Sustitutivas,Libertad Vigilada (Pena Sustitutiva),Hombre,54
31/08/2026,Región Metropolitana,C.R.S. Santiago Sur II,Tradicional,Subsistema Abierto,Régimen de Control Abierto,Penas Sustitutivas,Libertad Vigilada (Pena Sustitutiva),Hombre,60
31/08/2026,Región Metropolitana,C.R.S. Santiago Sur II,Tradicional,Subsistema Abierto,Régimen de Control Abierto,Penas Sustitutivas,Libertad Vigilada (Pena Sustitutiva),Mujer,23
31/08/2026,Región Metropolitana,C.R.S. Santiago Sur,Tradicional,Subsistema Abierto,Régimen de Control Abierto,Penas Sustitutivas,Libertad Vigilada (Pena Sustitutiva),Hombre,29
31/08/2026,Región de Los Lagos,C.R.S. Puerto Montt,Tradicional,Subsistema Abierto,Régimen de Control Abierto,Penas Sustitutivas,Libertad Vigilada (Pena Sustitutiva),Hombre,21
31/08/2026,Región de Los Lagos,C.R.S. Puerto Montt,Tradicional,Subsistema Abierto,Régimen de Control Abierto,Penas Sustitutivas,Libertad Vigilada (Pena Sustitutiva),Mujer,5
31/08/2026,Región de Aysén del General Carlos Ibáñez del Campo,C.R.S. Coyhaique,Tradicional,Subsistema Abierto,Régimen de Control Abierto,Penas Sustitutivas,Libertad Vigilada (Pena Sustitutiva),Hombre,15
31/08/2026,Región de Magallanes y la Antártica Chilena,C.R.S. Punta Arenas,Tradicional,Subsistema Abierto,Régimen de Control Abierto,Penas Sustitutivas,Libertad Vigilada (Pena Sustitutiva),Hombre,19
31/08/2026,Región de Los Ríos,C.R.S. Valdivia,Tradicional,Subsistema Abierto,Régimen de Control Abierto,Penas Sustitutivas,Libertad Vigilada (Pena Sustitutiva),Hombre,21
31/08/2026,Región de Arica y Parinacota,C.R.S. Arica,Tradicional,Subsistema Abierto,Régimen de Control Abierto,Penas Sustitutivas,Libertad Vigilada (Pena Sustitutiva),Hombre,14
31/08/2026,Región de Ñuble,C.R.S. Chillán,Tradicional,Subsistema Abierto,Régimen de Control Abierto,Penas Sustitutivas,Libertad Vigilada (Pena Sustitutiva),Hombre,30
31/08/2026,Región de Ñuble,C.R.S. Chillán,Tradicional,Subsistema Abierto,Régimen de Control Abierto,Penas Sustitutivas,Libertad Vigilada (Pena Sustitutiva),Mujer,13
31/08/2026,Región de Tarapacá,C.R.S. Iquique,Tradicional,Subsistema Abierto,Régimen de Control Abierto,Penas Sustitutivas,Libertad Vigilada (Pena Sustitutiva),Hombre,25
31/08/2026,Región de Tarapacá,C.R.S. Iquique,Tradicional,Subsistema Abierto,Régimen de Control Abierto,Penas Sustitutivas,Libertad Vigilada (Pena Sustitutiva),Mujer,20
31/08/2026,Región de Antofagasta,C.R.S. Antofagasta,Tradicional,Subsistema Abierto,Régimen de Control Abierto,Penas Sustitutivas,Libertad Vigilada (Pena Sustitutiva),Hombre,94
31/08/2026,Región de Antofagasta,C.R.S. Antofagasta,Tradicional,Subsistema Abierto,Régimen de Control Abierto,Penas Sustitutivas,Libertad Vigilada (Pena Sustitutiva),Mujer,29
31/08/2026,Región de Antofagasta,C.R.S. Calama,Tradicional,Subsistema Abierto,Régimen de Control Abierto,Penas Sustitutivas,Libertad Vigilada (Pena Sustitutiva),Hombre,27
31/08/2026,Región de Atacama,C.R.S. Copiapó,Tradicional,Subsistema Abierto,Régimen de Control Abierto,Penas Sustitutivas,Libertad Vigilada (Pena Sustitutiva),Hombre,13
31/08/2026,Región de Atacama,C.R.S. Copiapó,Tradicional,Subsistema Abierto,Régimen de Control Abierto,Penas Sustitutivas,Libertad Vigilada (Pena Sustitutiva),Mujer,3
31/08/2026,Región de Coquimbo,C.R.S. La Serena,Tradicional,Subsistema Abierto,Régimen de Control Abierto,Penas Sustitutivas,Libertad Vigilada (Pena Sustitutiva),Hombre,23
31/08/2026,Región de Coquimbo,C.R.S. Ovalle,Tradicional,Subsistema Abierto,Régimen de Control Abierto,Penas Sustitutivas,Libertad Vigilada (Pena Sustitutiva),Mujer,5
31/08/2026,Región del Libertador Bernardo O'Higgins,C.R.S. Rancagua,Tradicional,Subsistema Abierto,Régimen de Control Abierto,Penas Sustitutivas,Libertad Vigilada (Pena Sustitutiva),Hombre,60
31/08/2026,Región del Libertador Bernardo O'Higgins,C.R.S. San Fernando,Tradicional,Subsistema Abierto,Régimen de Control Abierto,Penas Sustitutivas,Libertad Vigilada (Pena Sustitutiva),Hombre,33
31/08/2026,Región del Maule,C.R.S. Curicó,Tradicional,Subsistema Abierto,Régimen de Control Abierto,Penas Sustitutivas,Libertad Vigilada (Pena Sustitutiva),Hombre,13
31/08/2026,Región del Maule,C.R.S. Linares,Tradicional,Subsistema Abierto,Régimen de Control Abierto,Penas Sustitutivas,Libertad Vigilada (Pena Sustitutiva),Hombre,28
31/08/2026,Región del Maule,C.R.S. Talca,Tradicional,Subsistema Abierto,Régimen de Control Abierto,Penas Sustitutivas,Libertad Vigilada (Pena Sustitutiva),Hombre,19
31/08/2026,Región del Maule,C.R.S. Talca,Tradicional,Subsistema Abierto,Régimen de Control Abierto,Penas Sustitutivas,Libertad Vigilada (Pena Sustitutiva),Mujer,14
31/08/2026,Región del Biobío,C.R.S. Concepción,Tradicional,Subsistema Abierto,Régimen de Control Abierto,Penas Sustitutivas,Libertad Vigilada (Pena Sustitutiva),Hombre,56
31/08/2026,Región del Biobío,C.R.S. Concepción,Tradicional,Subsistema Abierto,Régimen de Control Abierto,Penas Sustitutivas,Libertad Vigilada (Pena Sustitutiva),Mujer,57
31/08/2026,Región del Biobío,C.R.S. Coronel,Tradicional,Subsistema Abierto,Régimen de Control Abierto,Penas Sustitutivas,Libertad Vigilada (Pena Sustitutiva),Hombre,13
31/08/2026,Región del Biobío,C.R.S. Coronel,Tradicional,Subsistema Abierto,Régimen de Control Abierto,Penas Sustitutivas,Libertad Vigilada (Pena Sustitutiva),Mujer,16
31/08/2026,Región del Biobío,C.R.S. Los Ángeles,Tradicional,Subsistema Abierto,Régimen de Control Abierto,Penas Sustitutivas,Libertad Vigilada (Pena Sustitutiva),Hombre,33
31/08/2026,Región del Biobío,C.R.S. Los Ángeles,Tradicional,Subsistema Abierto,Régimen de Control Abierto,Penas Sustitutivas,Libertad Vigilada (Pena Sustitutiva),Mujer,16
31/08/2026,Región de la Araucanía,C.R.S. Angol,Tradicional,Subsistema Abierto,Régimen de Control Abierto,Penas Sustitutivas,Libertad Vigilada (Pena Sustitutiva),Hombre,16
31/08/2026,Región de la Araucanía,C.R.S. Temuco,Tradicional,Subsistema Abierto,Régimen de Control Abierto,Penas Sustitutivas,Libertad Vigilada (Pena Sustitutiva),Hombre,52
31/08/2026,Región de la Araucanía,C.R.S. Temuco,Tradicional,Subsistema Abierto,Régimen de Control Abierto,Penas Sustitutivas,Libertad Vigilada (Pena Sustitutiva),Mujer,16
31/08/2026,Región de Antofagasta,C.R.S. Calama,Tradicional,Subsistema Abierto,Régimen de Control Abierto,Penas Sustitutivas,Libertad Vigilada (Pena Sustitutiva),Mujer,11
31/08/2026,Región de Coquimbo,C.R.S. Ovalle,Tradicional,Subsistema Abierto,Régimen de Control Abierto,Penas Sustitutivas,Libertad Vigilada (Pena Sustitutiva),Hombre,11
31/08/2026,Región Metropolitana,C.R.S. Santiago Centro,Tradicional,Subsistema Abierto,Régimen de Control Abierto,Penas Sustitutivas,Libertad Vigilada (Pena Sustitutiva),Mujer,12
31/08/2026,Región Metropolitana,C.R.S. Santiago Occidente,Tradicional,Subsistema Abierto,Régimen de Control Abierto,Penas Sustitutivas,Libertad Vigilada (Pena Sustitutiva),Mujer,12
31/08/2026,Región de Coquimbo,C.R.S. La Serena,Tradicional,Subsistema Abierto,Régimen de Control Abierto,Penas Sustitutivas,Libertad Vigilada (Pena Sustitutiva),Mujer,12
31/08/2026,Región de Atacama,C.R.S. Vallenar,Tradicional,Subsistema Abierto,Régimen de Control Abierto,Penas Sustitutivas,Libertad Vigilada (Pena Sustitutiva),Hombre,6
31/08/2026,Región del Biobío,C.R.S. Cañete,Tradicional,Subsistema Abierto,Régimen de Control Abierto,Penas Sustitutivas,Libertad Vigilada (Pena Sustitutiva),Mujer,6
31/08/2026,Región de Aysén del General Carlos Ibáñez del Campo,C.R.S. Coyhaique,Tradicional,Subsistema Abierto,Régimen de Control Abierto,Penas Sustitutivas,Libertad Vigilada (Pena Sustitutiva),Mujer,9
31/08/2026,Región de Coquimbo,C.R.S. Illapel,Tradicional,Subsistema Abierto,Régimen de Control Abierto,Penas Sustitutivas,Libertad Vigilada (Pena Sustitutiva),Hombre,9
31/08/2026,Región de Coquimbo,C.R.S. Illapel,Tradicional,Subsistema Abierto,Régimen de Control Abierto,Penas Sustitutivas,Libertad Vigilada (Pena Sustitutiva),Mujer,9
31/08/2026,Región del Maule,C.R.S. Curicó,Tradicional,Subsistema Abierto,Régimen de Control Abierto,Penas Sustitutivas,Libertad Vigilada (Pena Sustitutiva),Mujer,9
31/08/2026,Región del Maule,C.R.S. Linares,Tradicional,Subsistema Abierto,Régimen de Control Abierto,Penas Sustitutivas,Libertad Vigilada (Pena Sustitutiva),Mujer,9
31/08/2026,Región de Los Lagos,C.R.S. Osorno,Tradicional,Subsistema Abierto,Régimen de Control Abierto,Penas Sustitutivas,Libertad Vigilada (Pena Sustitutiva),Hombre,10
31/08/2026,Región Metropolitana,C.R.S. Santiago Sur,Tradicional,Subsistema Abierto,Régimen de Control Abierto,Penas Sustitutivas,Libertad Vigilada (Pena Sustitutiva),Mujer,10
31/08/2026,Región del Maule,C.R.S. Cauquenes,Tradicional,Subsistema Abierto,Régimen de Control Abierto,Penas Sustitutivas,Libertad Vigilada (Pena Sustitutiva),Hombre,10
31/08/2026,Región de Los Lagos,C.R.S. Castro,Tradicional,Subsistema Abierto,Régimen de Control Abierto,Penas Sustitutivas,Libertad Vigilada (Pena Sustitutiva),Hombre,7
31/08/2026,Región de Magallanes y la Antártica Chilena,C.R.S. Punta Arenas,Tradicional,Subsistema Abierto,Régimen de Control Abierto,Penas Sustitutivas,Libertad Vigilada (Pena Sustitutiva),Mujer,7
31/08/2026,Región de Valparaíso,C.R.S. Quilpué,Tradicional,Subsistema Abierto,Régimen de Control Abierto,Penas Sustitutivas,Libertad Vigilada (Pena Sustitutiva),Mujer,7
31/08/2026,Región del Libertador Bernardo O'Higgins,C.R.S. San Fernando,Tradicional,Subsistema Abierto,Régimen de Control Abierto,Penas Sustitutivas,Libertad Vigilada (Pena Sustitutiva),Mujer,7
31/08/2026,Región de la Araucanía,C.R.S. Angol,Tradicional,Subsistema Abierto,Régimen de Control Abierto,Penas Sustitutivas,Libertad Vigilada (Pena Sustitutiva),Mujer,7
31/08/2026,Región de la Araucanía,C.R.S. Villarrica,Tradicional,Subsistema Abierto,Régimen de Control Abierto,Penas Sustitutivas,Libertad Vigilada (Pena Sustitutiva),Hombre,7
31/08/2026,Región de Los Lagos,C.R.S. Osorno,Tradicional,Subsistema Abierto,Régimen de Control Abierto,Penas Sustitutivas,Libertad Vigilada (Pena Sustitutiva),Mujer,8
31/08/2026,Región Metropolitana,C.R.S. Santiago Norte,Tradicional,Subsistema Abierto,Régimen de Control Abierto,Penas Sustitutivas,Libertad Vigilada (Pena Sustitutiva),Mujer,8
31/08/2026,Región de Los Ríos,C.R.S. Valdivia,Tradicional,Subsistema Abierto,Régimen de Control Abierto,Penas Sustitutivas,Libertad Vigilada (Pena Sustitutiva),Mujer,8
31/08/2026,Región de Arica y Parinacota,C.R.S. Arica,Tradicional,Subsistema Abierto,Régimen de Control Abierto,Penas Sustitutivas,Libertad Vigilada (Pena Sustitutiva),Mujer,8
31/08/2026,Región del Biobío,C.R.S. Cañete,Tradicional,Subsistema Abierto,Régimen de Control Abierto,Penas Sustitutivas,Libertad Vigilada (Pena Sustitutiva),Hombre,8
31/08/2026,Región de Los Lagos,C.R.S. Osorno,Tradicional,Subsistema Abierto,Régimen de Control Abierto,Penas Sustitutivas,Reclusión Parcial Nocturna en Domicilio - MT (Pena Sustitutiva),Mujer,3
31/08/2026,Región de Aysén del General Carlos Ibáñez del Campo,C.R.S. Coyhaique,Tradicional,Subsistema Abierto,Régimen de Control Abierto,Penas Sustitutivas,Reclusión Parcial Nocturna en Domicilio - MT (Pena Sustitutiva),Mujer,3
31/08/2026,Región de Atacama,C.R.S. Vallenar,Tradicional,Subsistema Abierto,Régimen de Control Abierto,Penas Sustitutivas,Reclusión Parcial Nocturna en Domicilio - MT (Pena Sustitutiva),Mujer,3
31/08/2026,Región de Coquimbo,C.R.S. Illapel,Tradicional,Subsistema Abierto,Régimen de Control Abierto,Penas Sustitutivas,Reclusión Parcial Nocturna en Domicilio - MT (Pena Sustitutiva),Mujer,3
31/08/2026,Región de Coquimbo,C.R.S. Ovalle,Tradicional,Subsistema Abierto,Régimen de Control Abierto,Penas Sustitutivas,Reclusión Parcial Nocturna en Domicilio - MT (Pena Sustitutiva),Mujer,3
31/08/2026,Región del Biobío,C.R.S. Coronel,Tradicional,Subsistema Abierto,Régimen de Control Abierto,Penas Sustitutivas,Reclusión Parcial Nocturna en Domicilio - MT (Pena Sustitutiva),Mujer,3
31/08/2026,Región de Los Lagos,C.D.P. Ancud,Tradicional,Subsistema Abierto,Régimen de Control Abierto,Penas Sustitutivas,Reclusión Parcial Nocturna en Domicilio - MT (Pena Sustitutiva),Hombre,5
31/08/2026,Región de Los Ríos,C.R.S. Valdivia,Tradicional,Subsistema Abierto,Régimen de Control Abierto,Penas Sustitutivas,Reclusión Parcial Nocturna en Domicilio - MT (Pena Sustitutiva),Mujer,5
31/08/2026,Región de Ñuble,C.R.S. Chillán,Tradicional,Subsistema Abierto,Régimen de Control Abierto,Penas Sustitutivas,Reclusión Parcial Nocturna en Domicilio - MT (Pena Sustitutiva),Mujer,5
31/08/2026,Región del Libertador Bernardo O'Higgins,C.R.S. San Fernando,Tradicional,Subsistema Abierto,Régimen de Control Abierto,Penas Sustitutivas,Reclusión Parcial Nocturna en Domicilio - MT (Pena Sustitutiva),Mujer,5
31/08/2026,Región del Maule,C.R.S. Cauquenes,Tradicional,Subsistema Abierto,Régimen de Control Abierto,Penas Sustitutivas,Reclusión Parcial Nocturna en Domicilio - MT (Pena Sustitutiva),Mujer,5
31/08/2026,Región del Maule,C.R.S. Linares,Tradicional,Subsistema Abierto,Régimen de Control Abierto,Penas Sustitutivas,Reclusión Parcial Nocturna en Domicilio - MT (Pena Sustitutiva),Mujer,5
31/08/2026,Región de Magallanes y la Antártica Chilena,C.R.S. Punta Arenas,Tradicional,Subsistema Abierto,Régimen de Control Abierto,Penas Sustitutivas,Reclusión Parcial Nocturna en Domicilio - MT (Pena Sustitutiva),Mujer,4
31/08/2026,Región del Biobío,C.R.S. Cañete,Tradicional,Subsistema Abierto,Régimen de Control Abierto,Penas Sustitutivas,Reclusión Parcial Nocturna en Domicilio - MT (Pena Sustitutiva),Mujer,4
31/08/2026,Región de la Araucanía,C.R.S. Angol,Tradicional,Subsistema Abierto,Régimen de Control Abierto,Penas Sustitutivas,Reclusión Parcial Nocturna en Domicilio - MT (Pena Sustitutiva),Mujer,4
31/08/2026,Región de Los Lagos,C.R.S. Puerto Montt,Tradicional,Subsistema Abierto,Régimen de Control Abierto,Penas Sustitutivas,Reclusión Parcial Nocturna en Domicilio - MT (Pena Sustitutiva),Mujer,17
31/08/2026,Región de Arica y Parinacota,C.R.S. Arica,Tradicional,Subsistema Abierto,Régimen de Control Abierto,Penas Sustitutivas,Reclusión Parcial Nocturna en Domicilio - MT (Pena Sustitutiva),Mujer,21
31/08/2026,Región de Tarapacá,C.R.S. Alto Hospicio,Tradicional,Subsistema Abierto,Régimen de Control Abierto,Penas Sustitutivas,Reclusión Parcial Nocturna en Domicilio - MT (Pena Sustitutiva),Mujer,16
31/08/2026,Región de Tarapacá,C.R.S. Iquique,Tradicional,Subsistema Abierto,Régimen de Control Abierto,Penas Sustitutivas,Reclusión Parcial Nocturna en Domicilio - MT (Pena Sustitutiva),Mujer,15
31/08/2026,Región de Antofagasta,C.R.S. Antofagasta,Tradicional,Subsistema Abierto,Régimen de Control Abierto,Penas Sustitutivas,Reclusión Parcial Nocturna en Domicilio - MT (Pena Sustitutiva),Mujer,26
31/08/2026,Región de Atacama,C.R.S. Copiapó,Tradicional,Subsistema Abierto,Régimen de Control Abierto,Penas Sustitutivas,Reclusión Parcial Nocturna en Domicilio - MT (Pena Sustitutiva),Mujer,7
31/08/2026,Región de Coquimbo,C.R.S. La Serena,Tradicional,Subsistema Abierto,Régimen de Control Abierto,Penas Sustitutivas,Reclusión Parcial Nocturna en Domicilio - MT (Pena Sustitutiva),Mujer,8
31/08/2026,Región del Libertador Bernardo O'Higgins,C.R.S. Rancagua,Tradicional,Subsistema Abierto,Régimen de Control Abierto,Penas Sustitutivas,Reclusión Parcial Nocturna en Domicilio - MT (Pena Sustitutiva),Mujer,18
31/08/2026,Región del Maule,C.R.S. Curicó,Tradicional,Subsistema Abierto,Régimen de Control Abierto,Penas Sustitutivas,Reclusión Parcial Nocturna en Domicilio - MT (Pena Sustitutiva),Mujer,7
31/08/2026,Región del Maule,C.R.S. Talca,Tradicional,Subsistema Abierto,Régimen de Control Abierto,Penas Sustitutivas,Reclusión Parcial Nocturna en Domicilio - MT (Pena Sustitutiva),Mujer,14
31/08/2026,Región del Biobío,C.R.S. Concepción,Tradicional,Subsistema Abierto,Régimen de Control Abierto,Penas Sustitutivas,Reclusión Parcial Nocturna en Domicilio - MT (Pena Sustitutiva),Mujer,48
31/08/2026,Región del Biobío,C.R.S. Los Ángeles,Tradicional,Subsistema Abierto,Régimen de Control Abierto,Penas Sustitutivas,Reclusión Parcial Nocturna en Domicilio - MT (Pena Sustitutiva),Mujer,6
31/08/2026,Región de la Araucanía,C.R.S. Temuco,Tradicional,Subsistema Abierto,Régimen de Control Abierto,Penas Sustitutivas,Reclusión Parcial Nocturna en Domicilio - MT (Pena Sustitutiva),Mujer,45
31/08/2026,Región de Aysén del General Carlos Ibáñez del Campo,C.R.S. Coyhaique,Tradicional,Subsistema Abierto,Régimen de Control Abierto,Penas Sustitutivas,Reclusión Parcial Nocturna en Domicilio - MT (Pena Sustitutiva),Hombre,49
31/08/2026,Región de Magallanes y la Antártica Chilena,C.R.S. Punta Arenas,Tradicional,Subsistema Abierto,Régimen de Control Abierto,Penas Sustitutivas,Reclusión Parcial Nocturna en Domicilio - MT (Pena Sustitutiva),Hombre,88
31/08/2026,Región de Los Ríos,C.R.S. Valdivia,Tradicional,Subsistema Abierto,Régimen de Control Abierto,Penas Sustitutivas,Reclusión Parcial Nocturna en Domicilio - MT (Pena Sustitutiva),Hombre,126
31/08/2026,Región de Arica y Parinacota,C.R.S. Arica,Tradicional,Subsistema Abierto,Régimen de Control Abierto,Penas Sustitutivas,Reclusión Parcial Nocturna en Domicilio - MT (Pena Sustitutiva),Hombre,130
31/08/2026,Región de Ñuble,C.R.S. Chillán,Tradicional,Subsistema Abierto,Régimen de Control Abierto,Penas Sustitutivas,Reclusión Parcial Nocturna en Domicilio - MT (Pena Sustitutiva),Hombre,67
31/08/2026,Región de Tarapacá,C.R.S. Alto Hospicio,Tradicional,Subsistema Abierto,Régimen de Control Abierto,Penas Sustitutivas,Reclusión Parcial Nocturna en Domicilio - MT (Pena Sustitutiva),Hombre,130
31/08/2026,Región de Tarapacá,C.R.S. Iquique,Tradicional,Subsistema Abierto,Régimen de Control Abierto,Penas Sustitutivas,Reclusión Parcial Nocturna en Domicilio - MT (Pena Sustitutiva),Hombre,87
31/08/2026,Región de Antofagasta,C.R.S. Antofagasta,Tradicional,Subsistema Abierto,Régimen de Control Abierto,Penas Sustitutivas,Reclusión Parcial Nocturna en Domicilio - MT (Pena Sustitutiva),Hombre,156
31/08/2026,Región de Antofagasta,C.R.S. Calama,Tradicional,Subsistema Abierto,Régimen de Control Abierto,Penas Sustitutivas,Reclusión Parcial Nocturna en Domicilio - MT (Pena Sustitutiva),Hombre,36
31/08/2026,Región de Atacama,C.R.S. Copiapó,Tradicional,Subsistema Abierto,Régimen de Control Abierto,Penas Sustitutivas,Reclusión Parcial Nocturna en Domicilio - MT (Pena Sustitutiva),Hombre,82
31/08/2026,Región de Atacama,C.R.S. Vallenar,Tradicional,Subsistema Abierto,Régimen de Control Abierto,Penas Sustitutivas,Reclusión Parcial Nocturna en Domicilio - MT (Pena Sustitutiva),Hombre,31
31/08/2026,Región del Libertador Bernardo O'Higgins,C.R.S. Rancagua,Tradicional,Subsistema Abierto,Régimen de Control Abierto,Penas Sustitutivas,Reclusión Parcial Nocturna en Domicilio - MT (Pena Sustitutiva),Hombre,206
31/08/2026,Región del Libertador Bernardo O'Higgins,C.R.S. San Fernando,Tradicional,Subsistema Abierto,Régimen de Control Abierto,Penas Sustitutivas,Reclusión Parcial Nocturna en Domicilio - MT (Pena Sustitutiva),Hombre,63
31/08/2026,Región de la Araucanía,C.R.S. Angol,Tradicional,Subsistema Abierto,Régimen de Control Abierto,Penas Sustitutivas,Reclusión Parcial Nocturna en Domicilio - MT (Pena Sustitutiva),Hombre,88
31/08/2026,Región de la Araucanía,C.R.S. Temuco,Tradicional,Subsistema Abierto,Régimen de Control Abierto,Penas Sustitutivas,Reclusión Parcial Nocturna en Domicilio - MT (Pena Sustitutiva),Hombre,287
31/08/2026,Región de Coquimbo,C.R.S. Illapel,Tradicional,Subsistema Abierto,Régimen de Control Abierto,Penas Sustitutivas,Reclusión Parcial Nocturna en Domicilio - MT (Pena Sustitutiva),Hombre,23
31/08/2026,Región de Coquimbo,C.R.S. La Serena,Tradicional,Subsistema Abierto,Régimen de Control Abierto,Penas Sustitutivas,Reclusión Parcial Nocturna en Domicilio - MT (Pena Sustitutiva),Hombre,91
31/08/2026,Región de Coquimbo,C.R.S. Ovalle,Tradicional,Subsistema Abierto,Régimen de Control Abierto,Penas Sustitutivas,Reclusión Parcial Nocturna en Domicilio - MT (Pena Sustitutiva),Hombre,34
31/08/2026,Región de Los Lagos,C.R.S. Castro,Tradicional,Subsistema Abierto,Régimen de Control Abierto,Penas Sustitutivas,Reclusión Parcial Nocturna en Domicilio - MT (Pena Sustitutiva),Hombre,77
31/08/2026,Región de Los Lagos,C.R.S. Osorno,Tradicional,Subsistema Abierto,Régimen de Control Abierto,Penas Sustitutivas,Reclusión Parcial Nocturna en Domicilio - MT (Pena Sustitutiva),Hombre,78
31/08/2026,Región de Los Lagos,C.R.S. Puerto Montt,Tradicional,Subsistema Abierto,Régimen de Control Abierto,Penas Sustitutivas,Reclusión Parcial Nocturna en Domicilio - MT (Pena Sustitutiva),Hombre,172
31/08/2026,Región del Maule,C.R.S. Cauquenes,Tradicional,Subsistema Abierto,Régimen de Control Abierto,Penas Sustitutivas,Reclusión Parcial Nocturna en Domicilio - MT (Pena Sustitutiva),Hombre,17
31/08/2026,Región del Maule,C.R.S. Curicó,Tradicional,Subsistema Abierto,Régimen de Control Abierto,Penas Sustitutivas,Reclusión Parcial Nocturna en Domicilio - MT (Pena Sustitutiva),Hombre,100
31/08/2026,Región del Maule,C.R.S. Linares,Tradicional,Subsistema Abierto,Régimen de Control Abierto,Penas Sustitutivas,Reclusión Parcial Nocturna en Domicilio - MT (Pena Sustitutiva),Hombre,67
31/08/2026,Región del Maule,C.R.S. Talca,Tradicional,Subsistema Abierto,Régimen de Control Abierto,Penas Sustitutivas,Reclusión Parcial Nocturna en Domicilio - MT (Pena Sustitutiva),Hombre,98
31/08/2026,Región del Biobío,C.R.S. Cañete,Tradicional,Subsistema Abierto,Régimen de Control Abierto,Penas Sustitutivas,Reclusión Parcial Nocturna en Domicilio - MT (Pena Sustitutiva),Hombre,34
31/08/2026,Región del Biobío,C.R.S. Concepción,Tradicional,Subsistema Abierto,Régimen de Control Abierto,Penas Sustitutivas,Reclusión Parcial Nocturna en Domicilio - MT (Pena Sustitutiva),Hombre,289
31/08/2026,Región del Biobío,C.R.S. Coronel,Tradicional,Subsistema Abierto,Régimen de Control Abierto,Penas Sustitutivas,Reclusión Parcial Nocturna en Domicilio - MT (Pena Sustitutiva),Hombre,42
31/08/2026,Región del Biobío,C.R.S. Los Ángeles,Tradicional,Subsistema Abierto,Régimen de Control Abierto,Penas Sustitutivas,Reclusión Parcial Nocturna en Domicilio - MT (Pena Sustitutiva),Hombre,54
31/08/2026,Región de Valparaíso,C.R.S. Los Andes,Tradicional,Subsistema Abierto,Régimen de Control Abierto,Penas Sustitutivas,Reclusión Parcial Nocturna en Domicilio - MT (Pena Sustitutiva),Hombre,32
31/08/2026,Región de Valparaíso,C.R.S. Los Andes,Tradicional,Subsistema Abierto,Régimen de Control Abierto,Penas Sustitutivas,Reclusión Parcial Nocturna en Domicilio - MT (Pena Sustitutiva),Mujer,12
31/08/2026,Región de Valparaíso,C.R.S. Quillota,Tradicional,Subsistema Abierto,Régimen de Control Abierto,Penas Sustitutivas,Reclusión Parcial Nocturna en Domicilio - MT (Pena Sustitutiva),Hombre,73
31/08/2026,Región de Valparaíso,C.R.S. Quillota,Tradicional,Subsistema Abierto,Régimen de Control Abierto,Penas Sustitutivas,Reclusión Parcial Nocturna en Domicilio - MT (Pena Sustitutiva),Mujer,5
31/08/2026,Región de Valparaíso,C.R.S. Quilpué,Tradicional,Subsistema Abierto,Régimen de Control Abierto,Penas Sustitutivas,Reclusión Parcial Nocturna en Domicilio - MT (Pena Sustitutiva),Hombre,88
31/08/2026,Región de Valparaíso,C.R.S. Quilpué,Tradicional,Subsistema Abierto,Régimen de Control Abierto,Penas Sustitutivas,Reclusión Parcial Nocturna en Domicilio - MT (Pena Sustitutiva),Mujer,10
31/08/2026,Región de Valparaíso,C.R.S. San Antonio,Tradicional,Subsistema Abierto,Régimen de Control Abierto,Penas Sustitutivas,Reclusión Parcial Nocturna en Domicilio - MT (Pena Sustitutiva),Hombre,76
31/08/2026,Región de Valparaíso,C.R.S. San Antonio,Tradicional,Subsistema Abierto,Régimen de Control Abierto,Penas Sustitutivas,Reclusión Parcial Nocturna en Domicilio - MT (Pena Sustitutiva),Mujer,9
31/08/2026,Región de Valparaíso,C.R.S. Valparaíso,Tradicional,Subsistema Abierto,Régimen de Control Abierto,Penas Sustitutivas,Reclusión Parcial Nocturna en Domicilio - MT (Pena Sustitutiva),Hombre,119
31/08/2026,Región de Valparaíso,C.R.S. Valparaíso,Tradicional,Subsistema Abierto,Régimen de Control Abierto,Penas Sustitutivas,Reclusión Parcial Nocturna en Domicilio - MT (Pena Sustitutiva),Mujer,18
31/08/2026,Región Metropolitana,C.R.S. Santiago Centro,Tradicional,Subsistema Abierto,Régimen de Control Abierto,Penas Sustitutivas,Reclusión Parcial Nocturna en Domicilio - MT (Pena Sustitutiva),Hombre,119
31/08/2026,Región Metropolitana,C.R.S. Santiago Centro,Tradicional,Subsistema Abierto,Régimen de Control Abierto,Penas Sustitutivas,Reclusión Parcial Nocturna en Domicilio - MT (Pena Sustitutiva),Mujer,4
31/08/2026,Región Metropolitana,C.R.S. Santiago Norte,Tradicional,Subsistema Abierto,Régimen de Control Abierto,Penas Sustitutivas,Reclusión Parcial Nocturna en Domicilio - MT (Pena Sustitutiva),Hombre,114
31/08/2026,Región Metropolitana,C.R.S. Santiago Norte,Tradicional,Subsistema Abierto,Régimen de Control Abierto,Penas Sustitutivas,Reclusión Parcial Nocturna en Domicilio - MT (Pena Sustitutiva),Mujer,23
31/08/2026,Región Metropolitana,C.R.S. Santiago Occidente,Tradicional,Subsistema Abierto,Régimen de Control Abierto,Penas Sustitutivas,Reclusión Parcial Nocturna en Domicilio - MT (Pena Sustitutiva),Hombre,327
31/08/2026,Región Metropolitana,C.R.S. Santiago Occidente,Tradicional,Subsistema Abierto,Régimen de Control Abierto,Penas Sustitutivas,Reclusión Parcial Nocturna en Domicilio - MT (Pena Sustitutiva),Mujer,32
31/08/2026,Región Metropolitana,C.R.S. Santiago Oriente,Tradicional,Subsistema Abierto,Régimen de Control Abierto,Penas Sustitutivas,Reclusión Parcial Nocturna en Domicilio - MT (Pena Sustitutiva),Hombre,61
31/08/2026,Región Metropolitana,C.R.S. Santiago Oriente,Tradicional,Subsistema Abierto,Régimen de Control Abierto,Penas Sustitutivas,Reclusión Parcial Nocturna en Domicilio - MT (Pena Sustitutiva),Mujer,6
31/08/2026,Región Metropolitana,C.R.S. Santiago Sur II,Tradicional,Subsistema Abierto,Régimen de Control Abierto,Penas Sustitutivas,Reclusión Parcial Nocturna en Domicilio - MT (Pena Sustitutiva),Hombre,227
31/08/2026,Región Metropolitana,C.R.S. Santiago Sur II,Tradicional,Subsistema Abierto,Régimen de Control Abierto,Penas Sustitutivas,Reclusión Parcial Nocturna en Domicilio - MT (Pena Sustitutiva),Mujer,56
31/08/2026,Región Metropolitana,C.R.S. Santiago Sur,Tradicional,Subsistema Abierto,Régimen de Control Abierto,Penas Sustitutivas,Reclusión Parcial Nocturna en Domicilio - MT (Pena Sustitutiva),Hombre,128
31/08/2026,Región Metropolitana,C.R.S. Santiago Sur,Tradicional,Subsistema Abierto,Régimen de Control Abierto,Penas Sustitutivas,Reclusión Parcial Nocturna en Domicilio - MT (Pena Sustitutiva),Mujer,27
31/08/2026,Región de Valparaíso,S.C. Isla de Pascua,Tradicional,Subsistema Abierto,Régimen de Control Abierto,Penas Sustitutivas,Libertad Vigilada por Pena Sustitutiva,Hombre,9
31/08/2026,Región de Valparaíso,S.C. Isla de Pascua,Tradicional,Subsistema Abierto,Régimen de Control Abierto,Penas Sustitutivas,Libertad Vigilada por Pena Sustitutiva,Mujer,3
31/08/2026,Región de Valparaíso,C.R.S. Los Andes,Tradicional,Subsistema Abierto,Régimen de Control Abierto,Penas Sustitutivas,Libertad Vigilada por Pena Sustitutiva,Hombre,395
31/08/2026,Región de Valparaíso,C.R.S. Los Andes,Tradicional,Subsistema Abierto,Régimen de Control Abierto,Penas Sustitutivas,Libertad Vigilada por Pena Sustitutiva,Mujer,74
31/08/2026,Región de Valparaíso,C.R.S. Quillota,Tradicional,Subsistema Abierto,Régimen de Control Abierto,Penas Sustitutivas,Libertad Vigilada por Pena Sustitutiva,Hombre,410
31/08/2026,Región de Valparaíso,C.R.S. Quillota,Tradicional,Subsistema Abierto,Régimen de Control Abierto,Penas Sustitutivas,Libertad Vigilada por Pena Sustitutiva,Mujer,61
31/08/2026,Región de Valparaíso,C.R.S. Quilpué,Tradicional,Subsistema Abierto,Régimen de Control Abierto,Penas Sustitutivas,Libertad Vigilada por Pena Sustitutiva,Hombre,381
31/08/2026,Región de Valparaíso,C.R.S. Quilpué,Tradicional,Subsistema Abierto,Régimen de Control Abierto,Penas Sustitutivas,Libertad Vigilada por Pena Sustitutiva,Mujer,76
31/08/2026,Región de Valparaíso,C.R.S. San Antonio,Tradicional,Subsistema Abierto,Régimen de Control Abierto,Penas Sustitutivas,Libertad Vigilada por Pena Sustitutiva,Hombre,363
31/08/2026,Región de Valparaíso,C.R.S. San Antonio,Tradicional,Subsistema Abierto,Régimen de Control Abierto,Penas Sustitutivas,Libertad Vigilada por Pena Sustitutiva,Mujer,81
31/08/2026,Región de Valparaíso,C.R.S. Valparaíso,Tradicional,Subsistema Abierto,Régimen de Control Abierto,Penas Sustitutivas,Libertad Vigilada por Pena Sustitutiva,Hombre,949
31/08/2026,Región de Valparaíso,C.R.S. Valparaíso,Tradicional,Subsistema Abierto,Régimen de Control Abierto,Penas Sustitutivas,Libertad Vigilada por Pena Sustitutiva,Mujer,212
31/08/2026,Región del Biobío,C.R.S. Cañete,Tradicional,Subsistema Abierto,Régimen de Control Abierto,Penas Sustitutivas,Libertad Vigilada por Pena Sustitutiva,Hombre,174
31/08/2026,Región del Biobío,C.R.S. Cañete,Tradicional,Subsistema Abierto,Régimen de Control Abierto,Penas Sustitutivas,Libertad Vigilada por Pena Sustitutiva,Mujer,29
31/08/2026,Región del Biobío,C.R.S. Concepción,Tradicional,Subsistema Abierto,Régimen de Control Abierto,Penas Sustitutivas,Libertad Vigilada por Pena Sustitutiva,Hombre,683
31/08/2026,Región del Biobío,C.R.S. Concepción,Tradicional,Subsistema Abierto,Régimen de Control Abierto,Penas Sustitutivas,Libertad Vigilada por Pena Sustitutiva,Mujer,135
31/08/2026,Región del Biobío,C.R.S. Coronel,Tradicional,Subsistema Abierto,Régimen de Control Abierto,Penas Sustitutivas,Libertad Vigilada por Pena Sustitutiva,Hombre,272
31/08/2026,Región del Biobío,C.R.S. Coronel,Tradicional,Subsistema Abierto,Régimen de Control Abierto,Penas Sustitutivas,Libertad Vigilada por Pena Sustitutiva,Mujer,38
31/08/2026,Región del Biobío,C.R.S. Los Ángeles,Tradicional,Subsistema Abierto,Régimen de Control Abierto,Penas Sustitutivas,Libertad Vigilada por Pena Sustitutiva,Hombre,480
31/08/2026,Región del Biobío,C.R.S. Los Ángeles,Tradicional,Subsistema Abierto,Régimen de Control Abierto,Penas Sustitutivas,Libertad Vigilada por Pena Sustitutiva,Mujer,93
31/08/2026,Región del Maule,C.R.S. Cauquenes,Tradicional,Subsistema Abierto,Régimen de Control Abierto,Penas Sustitutivas,Libertad Vigilada por Pena Sustitutiva,Hombre,67
31/08/2026,Región del Maule,C.R.S. Cauquenes,Tradicional,Subsistema Abierto,Régimen de Control Abierto,Penas Sustitutivas,Libertad Vigilada por Pena Sustitutiva,Mujer,8
31/08/2026,Región del Maule,C.R.S. Curicó,Tradicional,Subsistema Abierto,Régimen de Control Abierto,Penas Sustitutivas,Libertad Vigilada por Pena Sustitutiva,Hombre,371
31/08/2026,Región del Maule,C.R.S. Curicó,Tradicional,Subsistema Abierto,Régimen de Control Abierto,Penas Sustitutivas,Libertad Vigilada por Pena Sustitutiva,Mujer,49
31/08/2026,Región del Maule,C.R.S. Linares,Tradicional,Subsistema Abierto,Régimen de Control Abierto,Penas Sustitutivas,Libertad Vigilada por Pena Sustitutiva,Hombre,375
31/08/2026,Región del Maule,C.R.S. Linares,Tradicional,Subsistema Abierto,Régimen de Control Abierto,Penas Sustitutivas,Libertad Vigilada por Pena Sustitutiva,Mujer,49
31/08/2026,Región del Maule,C.R.S. Talca,Tradicional,Subsistema Abierto,Régimen de Control Abierto,Penas Sustitutivas,Libertad Vigilada por Pena Sustitutiva,Hombre,426
31/08/2026,Región del Maule,C.R.S. Talca,Tradicional,Subsistema Abierto,Régimen de Control Abierto,Penas Sustitutivas,Libertad Vigilada por Pena Sustitutiva,Mujer,72
31/08/2026,Región de la Araucanía,C.R.S. Angol,Tradicional,Subsistema Abierto,Régimen de Control Abierto,Penas Sustitutivas,Libertad Vigilada por Pena Sustitutiva,Hombre,309
31/08/2026,Región de la Araucanía,C.R.S. Angol,Tradicional,Subsistema Abierto,Régimen de Control Abierto,Penas Sustitutivas,Libertad Vigilada por Pena Sustitutiva,Mujer,40
31/08/2026,Región de la Araucanía,C.R.S. Temuco,Tradicional,Subsistema Abierto,Régimen de Control Abierto,Penas Sustitutivas,Libertad Vigilada por Pena Sustitutiva,Hombre,808
31/08/2026,Región de la Araucanía,C.R.S. Temuco,Tradicional,Subsistema Abierto,Régimen de Control Abierto,Penas Sustitutivas,Libertad Vigilada por Pena Sustitutiva,Mujer,111
31/08/2026,Región de la Araucanía,C.R.S. Villarrica,Tradicional,Subsistema Abierto,Régimen de Control Abierto,Penas Sustitutivas,Libertad Vigilada por Pena Sustitutiva,Hombre,313
31/08/2026,Región de la Araucanía,C.R.S. Villarrica,Tradicional,Subsistema Abierto,Régimen de Control Abierto,Penas Sustitutivas,Libertad Vigilada por Pena Sustitutiva,Mujer,37
31/08/2026,Región de Los Lagos,C.R.S. Castro,Tradicional,Subsistema Abierto,Régimen de Control Abierto,Penas Sustitutivas,Libertad Vigilada por Pena Sustitutiva,Hombre,228
31/08/2026,Región de Los Lagos,C.R.S. Castro,Tradicional,Subsistema Abierto,Régimen de Control Abierto,Penas Sustitutivas,Libertad Vigilada por Pena Sustitutiva,Mujer,16
31/08/2026,Región de Los Lagos,C.R.S. Osorno,Tradicional,Subsistema Abierto,Régimen de Control Abierto,Penas Sustitutivas,Libertad Vigilada por Pena Sustitutiva,Hombre,324
31/08/2026,Región de Los Lagos,C.R.S. Osorno,Tradicional,Subsistema Abierto,Régimen de Control Abierto,Penas Sustitutivas,Libertad Vigilada por Pena Sustitutiva,Mujer,45
31/08/2026,Región de Los Lagos,C.R.S. Puerto Montt,Tradicional,Subsistema Abierto,Régimen de Control Abierto,Penas Sustitutivas,Libertad Vigilada por Pena Sustitutiva,Hombre,514
31/08/2026,Región de Los Lagos,C.R.S. Puerto Montt,Tradicional,Subsistema Abierto,Régimen de Control Abierto,Penas Sustitutivas,Libertad Vigilada por Pena Sustitutiva,Mujer,71
31/08/2026,Región de Coquimbo,C.R.S. Illapel,Tradicional,Subsistema Abierto,Régimen de Control Abierto,Penas Sustitutivas,Libertad Vigilada por Pena Sustitutiva,Hombre,240
31/08/2026,Región de Coquimbo,C.R.S. Illapel,Tradicional,Subsistema Abierto,Régimen de Control Abierto,Penas Sustitutivas,Libertad Vigilada por Pena Sustitutiva,Mujer,41
31/08/2026,Región de Coquimbo,C.R.S. La Serena,Tradicional,Subsistema Abierto,Régimen de Control Abierto,Penas Sustitutivas,Libertad Vigilada por Pena Sustitutiva,Hombre,737
31/08/2026,Región de Coquimbo,C.R.S. La Serena,Tradicional,Subsistema Abierto,Régimen de Control Abierto,Penas Sustitutivas,Libertad Vigilada por Pena Sustitutiva,Mujer,112
31/08/2026,Región de Coquimbo,C.R.S. Ovalle,Tradicional,Subsistema Abierto,Régimen de Control Abierto,Penas Sustitutivas,Libertad Vigilada por Pena Sustitutiva,Hombre,236
31/08/2026,Región de Coquimbo,C.R.S. Ovalle,Tradicional,Subsistema Abierto,Régimen de Control Abierto,Penas Sustitutivas,Libertad Vigilada por Pena Sustitutiva,Mujer,39
31/08/2026,Región del Libertador Bernardo O'Higgins,C.R.S. Rancagua,Tradicional,Subsistema Abierto,Régimen de Control Abierto,Penas Sustitutivas,Libertad Vigilada por Pena Sustitutiva,Hombre,995
31/08/2026,Región del Libertador Bernardo O'Higgins,C.R.S. Rancagua,Tradicional,Subsistema Abierto,Régimen de Control Abierto,Penas Sustitutivas,Libertad Vigilada por Pena Sustitutiva,Mujer,119
31/08/2026,Región del Libertador Bernardo O'Higgins,C.R.S. San Fernando,Tradicional,Subsistema Abierto,Régimen de Control Abierto,Penas Sustitutivas,Libertad Vigilada por Pena Sustitutiva,Hombre,385
31/08/2026,Región del Libertador Bernardo O'Higgins,C.R.S. San Fernando,Tradicional,Subsistema Abierto,Régimen de Control Abierto,Penas Sustitutivas,Libertad Vigilada por Pena Sustitutiva,Mujer,57
31/08/2026,Región de Antofagasta,C.R.S. Antofagasta,Tradicional,Subsistema Abierto,Régimen de Control Abierto,Penas Sustitutivas,Libertad Vigilada por Pena Sustitutiva,Hombre,683
31/08/2026,Región de Antofagasta,C.R.S. Antofagasta,Tradicional,Subsistema Abierto,Régimen de Control Abierto,Penas Sustitutivas,Libertad Vigilada por Pena Sustitutiva,Mujer,128
31/08/2026,Región de Antofagasta,C.R.S. Calama,Tradicional,Subsistema Abierto,Régimen de Control Abierto,Penas Sustitutivas,Libertad Vigilada por Pena Sustitutiva,Hombre,237
31/08/2026,Región de Antofagasta,C.R.S. Calama,Tradicional,Subsistema Abierto,Régimen de Control Abierto,Penas Sustitutivas,Libertad Vigilada por Pena Sustitutiva,Mujer,46
31/08/2026,Región de Aysén del General Carlos Ibáñez del Campo,C.R.S. Coyhaique,Tradicional,Subsistema Abierto,Régimen de Control Abierto,Penas Sustitutivas,Libertad Vigilada por Pena Sustitutiva,Hombre,149
31/08/2026,Región de Aysén del General Carlos Ibáñez del Campo,C.R.S. Coyhaique,Tradicional,Subsistema Abierto,Régimen de Control Abierto,Penas Sustitutivas,Libertad Vigilada por Pena Sustitutiva,Mujer,22
31/08/2026,Región de Magallanes y la Antártica Chilena,C.R.S. Punta Arenas,Tradicional,Subsistema Abierto,Régimen de Control Abierto,Penas Sustitutivas,Libertad Vigilada por Pena Sustitutiva,Hombre,216
31/08/2026,Región de Magallanes y la Antártica Chilena,C.R.S. Punta Arenas,Tradicional,Subsistema Abierto,Régimen de Control Abierto,Penas Sustitutivas,Libertad Vigilada por Pena Sustitutiva,Mujer,35
31/08/2026,Región de Los Ríos,C.R.S. Valdivia,Tradicional,Subsistema Abierto,Régimen de Control Abierto,Penas Sustitutivas,Libertad Vigilada por Pena Sustitutiva,Hombre,537
31/08/2026,Región de Los Ríos,C.R.S. Valdivia,Tradicional,Subsistema Abierto,Régimen de Control Abierto,Penas Sustitutivas,Libertad Vigilada por Pena Sustitutiva,Mujer,83
31/08/2026,Región de Arica y Parinacota,C.R.S. Arica,Tradicional,Subsistema Abierto,Régimen de Control Abierto,Penas Sustitutivas,Libertad Vigilada por Pena Sustitutiva,Hombre,494
31/08/2026,Región de Arica y Parinacota,C.R.S. Arica,Tradicional,Subsistema Abierto,Régimen de Control Abierto,Penas Sustitutivas,Libertad Vigilada por Pena Sustitutiva,Mujer,142
31/08/2026,Región de Ñuble,C.R.S. Chillán,Tradicional,Subsistema Abierto,Régimen de Control Abierto,Penas Sustitutivas,Libertad Vigilada por Pena Sustitutiva,Hombre,595
31/08/2026,Región de Ñuble,C.R.S. Chillán,Tradicional,Subsistema Abierto,Régimen de Control Abierto,Penas Sustitutivas,Libertad Vigilada por Pena Sustitutiva,Mujer,86
31/08/2026,Región de Tarapacá,C.R.S. Iquique,Tradicional,Subsistema Abierto,Régimen de Control Abierto,Penas Sustitutivas,Libertad Vigilada por Pena Sustitutiva,Hombre,570
31/08/2026,Región de Tarapacá,C.R.S. Iquique,Tradicional,Subsistema Abierto,Régimen de Control Abierto,Penas Sustitutivas,Libertad Vigilada por Pena Sustitutiva,Mujer,169
31/08/2026,Región de Atacama,C.R.S. Copiapó,Tradicional,Subsistema Abierto,Régimen de Control Abierto,Penas Sustitutivas,Libertad Vigilada por Pena Sustitutiva,Hombre,448
31/08/2026,Región de Atacama,C.R.S. Copiapó,Tradicional,Subsistema Abierto,Régimen de Control Abierto,Penas Sustitutivas,Libertad Vigilada por Pena Sustitutiva,Mujer,78
31/08/2026,Región de Atacama,C.R.S. Vallenar,Tradicional,Subsistema Abierto,Régimen de Control Abierto,Penas Sustitutivas,Libertad Vigilada por Pena Sustitutiva,Hombre,130
31/08/2026,Región de Atacama,C.R.S. Vallenar,Tradicional,Subsistema Abierto,Régimen de Control Abierto,Penas Sustitutivas,Libertad Vigilada por Pena Sustitutiva,Mujer,19
31/08/2026,Región Metropolitana,C.R.S. Santiago Centro,Tradicional,Subsistema Abierto,Régimen de Control Abierto,Penas Sustitutivas,Libertad Vigilada por Pena Sustitutiva,Hombre,1314
31/08/2026,Región Metropolitana,C.R.S. Santiago Centro,Tradicional,Subsistema Abierto,Régimen de Control Abierto,Penas Sustitutivas,Libertad Vigilada por Pena Sustitutiva,Mujer,246
31/08/2026,Región Metropolitana,C.R.S. Santiago Norte,Tradicional,Subsistema Abierto,Régimen de Control Abierto,Penas Sustitutivas,Libertad Vigilada por Pena Sustitutiva,Hombre,1185
31/08/2026,Región Metropolitana,C.R.S. Santiago Norte,Tradicional,Subsistema Abierto,Régimen de Control Abierto,Penas Sustitutivas,Libertad Vigilada por Pena Sustitutiva,Mujer,295
31/08/2026,Región Metropolitana,C.R.S. Santiago Occidente,Tradicional,Subsistema Abierto,Régimen de Control Abierto,Penas Sustitutivas,Libertad Vigilada por Pena Sustitutiva,Hombre,1507
31/08/2026,Región Metropolitana,C.R.S. Santiago Occidente,Tradicional,Subsistema Abierto,Régimen de Control Abierto,Penas Sustitutivas,Libertad Vigilada por Pena Sustitutiva,Mujer,239
31/08/2026,Región Metropolitana,C.R.S. Santiago Oriente,Tradicional,Subsistema Abierto,Régimen de Control Abierto,Penas Sustitutivas,Libertad Vigilada por Pena Sustitutiva,Hombre,1036
31/08/2026,Región Metropolitana,C.R.S. Santiago Oriente,Tradicional,Subsistema Abierto,Régimen de Control Abierto,Penas Sustitutivas,Libertad Vigilada por Pena Sustitutiva,Mujer,188
31/08/2026,Región Metropolitana,C.R.S. Santiago Sur II,Tradicional,Subsistema Abierto,Régimen de Control Abierto,Penas Sustitutivas,Libertad Vigilada por Pena Sustitutiva,Hombre,1934
31/08/2026,Región Metropolitana,C.R.S. Santiago Sur II,Tradicional,Subsistema Abierto,Régimen de Control Abierto,Penas Sustitutivas,Libertad Vigilada por Pena Sustitutiva,Mujer,380
31/08/2026,Región Metropolitana,C.R.S. Santiago Sur,Tradicional,Subsistema Abierto,Régimen de Control Abierto,Penas Sustitutivas,Libertad Vigilada por Pena Sustitutiva,Hombre,1314
31/08/2026,Región Metropolitana,C.R.S. Santiago Sur,Tradicional,Subsistema Abierto,Régimen de Control Abierto,Penas Sustitutivas,Libertad Vigilada por Pena Sustitutiva,Mujer,301
31/08/2026,Región de la Araucanía,C.C.P. Collipulli,Tradicional,Subsistema Abierto,Régimen de Control Abierto,Penas Sustitutivas,Remisión Condicional (Pena Sustitutiva),Mujer,14
31/08/2026,Región de la Araucanía,C.C.P. Lautaro,Tradicional,Subsistema Abierto,Régimen de Control Abierto,Penas Sustitutivas,Remisión Condicional (Pena Sustitutiva),Mujer,25
31/08/2026,Región de la Araucanía,C.C.P. Nueva Imperial,Tradicional,Subsistema Abierto,Régimen de Control Abierto,Penas Sustitutivas,Remisión Condicional (Pena Sustitutiva),Mujer,24
31/08/2026,Región de la Araucanía,C.C.P. Victoria,Tradicional,Subsistema Abierto,Régimen de Control Abierto,Penas Sustitutivas,Remisión Condicional (Pena Sustitutiva),Mujer,10
31/08/2026,Región de la Araucanía,C.D.P. Pitrufquén,Tradicional,Subsistema Abierto,Régimen de Control Abierto,Penas Sustitutivas,Remisión Condicional (Pena Sustitutiva),Mujer,11
31/08/2026,Región de la Araucanía,C.D.P. Traiguén,Tradicional,Subsistema Abierto,Régimen de Control Abierto,Penas Sustitutivas,Remisión Condicional (Pena Sustitutiva),Mujer,7
31/08/2026,Región de la Araucanía,C.R.S. Angol,Tradicional,Subsistema Abierto,Régimen de Control Abierto,Penas Sustitutivas,Remisión Condicional (Pena Sustitutiva),Mujer,30
31/08/2026,Región de la Araucanía,C.R.S. Temuco,Tradicional,Subsistema Abierto,Régimen de Control Abierto,Penas Sustitutivas,Remisión Condicional (Pena Sustitutiva),Mujer,139
31/08/2026,Región de la Araucanía,C.R.S. Villarrica,Tradicional,Subsistema Abierto,Régimen de Control Abierto,Penas Sustitutivas,Remisión Condicional (Pena Sustitutiva),Mujer,89
31/08/2026,Región Metropolitana,C.A.I.S. Melipilla,Tradicional,Subsistema Abierto,Régimen de Control Abierto,Penas Sustitutivas,Remisión Condicional (Pena Sustitutiva),Mujer,54
31/08/2026,Región Metropolitana,C.C.P. Buin,Tradicional,Subsistema Abierto,Régimen de Control Abierto,Penas Sustitutivas,Remisión Condicional (Pena Sustitutiva),Mujer,23
31/08/2026,Región Metropolitana,C.R.S. Santiago Centro,Tradicional,Subsistema Abierto,Régimen de Control Abierto,Penas Sustitutivas,Remisión Condicional (Pena Sustitutiva),Mujer,178
31/08/2026,Región Metropolitana,C.R.S. Santiago Norte,Tradicional,Subsistema Abierto,Régimen de Control Abierto,Penas Sustitutivas,Remisión Condicional (Pena Sustitutiva),Mujer,232
31/08/2026,Región Metropolitana,C.R.S. Santiago Occidente,Tradicional,Subsistema Abierto,Régimen de Control Abierto,Penas Sustitutivas,Remisión Condicional (Pena Sustitutiva),Mujer,145
31/08/2026,Región Metropolitana,C.R.S. Santiago Oriente,Tradicional,Subsistema Abierto,Régimen de Control Abierto,Penas Sustitutivas,Remisión Condicional (Pena Sustitutiva),Mujer,241
31/08/2026,Región Metropolitana,C.R.S. Santiago Sur II,Tradicional,Subsistema Abierto,Régimen de Control Abierto,Penas Sustitutivas,Remisión Condicional (Pena Sustitutiva),Mujer,321
31/08/2026,Región Metropolitana,C.R.S. Santiago Sur,Tradicional,Subsistema Abierto,Régimen de Control Abierto,Penas Sustitutivas,Remisión Condicional (Pena Sustitutiva),Mujer,201
31/08/2026,Región de Valparaíso,C.C.P. Los Andes,Tradicional,Subsistema Abierto,Régimen de Control Abierto,Penas Sustitutivas,Remisión Condicional (Pena Sustitutiva),Mujer,11
31/08/2026,Región de Valparaíso,C.D.P. Casablanca,Tradicional,Subsistema Abierto,Régimen de Control Abierto,Penas Sustitutivas,Remisión Condicional (Pena Sustitutiva),Mujer,9
31/08/2026,Región de Valparaíso,C.D.P. Petorca,Tradicional,Subsistema Abierto,Régimen de Control Abierto,Penas Sustitutivas,Remisión Condicional (Pena Sustitutiva),Mujer,16
31/08/2026,Región de Valparaíso,C.R.S. Los Andes,Tradicional,Subsistema Abierto,Régimen de Control Abierto,Penas Sustitutivas,Remisión Condicional (Pena Sustitutiva),Mujer,64
31/08/2026,Región de Valparaíso,C.R.S. Quillota,Tradicional,Subsistema Abierto,Régimen de Control Abierto,Penas Sustitutivas,Remisión Condicional (Pena Sustitutiva),Mujer,47
31/08/2026,Región de Valparaíso,C.R.S. Quilpué,Tradicional,Subsistema Abierto,Régimen de Control Abierto,Penas Sustitutivas,Remisión Condicional (Pena Sustitutiva),Mujer,64
31/08/2026,Región de Valparaíso,C.R.S. San Antonio,Tradicional,Subsistema Abierto,Régimen de Control Abierto,Penas Sustitutivas,Remisión Condicional (Pena Sustitutiva),Mujer,67
31/08/2026,Región de Valparaíso,C.R.S. Valparaíso,Tradicional,Subsistema Abierto,Régimen de Control Abierto,Penas Sustitutivas,Remisión Condicional (Pena Sustitutiva),Mujer,282
31/08/2026,Región del Maule,C.C.P. Molina,Tradicional,Subsistema Abierto,Régimen de Control Abierto,Penas Sustitutivas,Remisión Condicional (Pena Sustitutiva),Mujer,12
31/08/2026,Región del Maule,C.C.P. Parral,Tradicional,Subsistema Abierto,Régimen de Control Abierto,Penas Sustitutivas,Remisión Condicional (Pena Sustitutiva),Mujer,13
31/08/2026,Región del Maule,C.D.P. Constitución,Tradicional,Subsistema Abierto,Régimen de Control Abierto,Penas Sustitutivas,Remisión Condicional (Pena Sustitutiva),Mujer,16
31/08/2026,Región del Maule,C.R.S. Cauquenes,Tradicional,Subsistema Abierto,Régimen de Control Abierto,Penas Sustitutivas,Remisión Condicional (Pena Sustitutiva),Mujer,12
31/08/2026,Región del Maule,C.R.S. Curicó,Tradicional,Subsistema Abierto,Régimen de Control Abierto,Penas Sustitutivas,Remisión Condicional (Pena Sustitutiva),Mujer,64
31/08/2026,Región del Maule,C.R.S. Linares,Tradicional,Subsistema Abierto,Régimen de Control Abierto,Penas Sustitutivas,Remisión Condicional (Pena Sustitutiva),Mujer,66
31/08/2026,Región del Maule,C.R.S. Talca,Tradicional,Subsistema Abierto,Régimen de Control Abierto,Penas Sustitutivas,Remisión Condicional (Pena Sustitutiva),Mujer,96
31/08/2026,Región del Biobío,C.D.P. Arauco,Tradicional,Subsistema Abierto,Régimen de Control Abierto,Penas Sustitutivas,Remisión Condicional (Pena Sustitutiva),Mujer,6
31/08/2026,Región del Biobío,C.D.P. Lebu,Tradicional,Subsistema Abierto,Régimen de Control Abierto,Penas Sustitutivas,Remisión Condicional (Pena Sustitutiva),Mujer,5
31/08/2026,Región del Biobío,C.D.P. Mulchén,Tradicional,Subsistema Abierto,Régimen de Control Abierto,Penas Sustitutivas,Remisión Condicional (Pena Sustitutiva),Mujer,8
31/08/2026,Región del Biobío,C.D.P. Yumbel,Tradicional,Subsistema Abierto,Régimen de Control Abierto,Penas Sustitutivas,Remisión Condicional (Pena Sustitutiva),Mujer,6
31/08/2026,Región del Biobío,C.R.S. Cañete,Tradicional,Subsistema Abierto,Régimen de Control Abierto,Penas Sustitutivas,Remisión Condicional (Pena Sustitutiva),Mujer,23
31/08/2026,Región del Biobío,C.R.S. Concepción,Tradicional,Subsistema Abierto,Régimen de Control Abierto,Penas Sustitutivas,Remisión Condicional (Pena Sustitutiva),Mujer,170
31/08/2026,Región del Biobío,C.R.S. Coronel,Tradicional,Subsistema Abierto,Régimen de Control Abierto,Penas Sustitutivas,Remisión Condicional (Pena Sustitutiva),Mujer,33
31/08/2026,Región del Biobío,C.R.S. Los Ángeles,Tradicional,Subsistema Abierto,Régimen de Control Abierto,Penas Sustitutivas,Remisión Condicional (Pena Sustitutiva),Mujer,61
31/08/2026,Región de Los Lagos,C.D.P. Ancud,Tradicional,Subsistema Abierto,Régimen de Control Abierto,Penas Sustitutivas,Remisión Condicional (Pena Sustitutiva),Mujer,10
31/08/2026,Región de Los Lagos,C.D.P. Río Negro,Tradicional,Subsistema Abierto,Régimen de Control Abierto,Penas Sustitutivas,Remisión Condicional (Pena Sustitutiva),Mujer,6
31/08/2026,Región de Los Lagos,C.R.S. Castro,Tradicional,Subsistema Abierto,Régimen de Control Abierto,Penas Sustitutivas,Remisión Condicional (Pena Sustitutiva),Mujer,43
31/08/2026,Región de Los Lagos,C.R.S. Osorno,Tradicional,Subsistema Abierto,Régimen de Control Abierto,Penas Sustitutivas,Remisión Condicional (Pena Sustitutiva),Mujer,47
31/08/2026,Región de Los Lagos,C.R.S. Puerto Montt,Tradicional,Subsistema Abierto,Régimen de Control Abierto,Penas Sustitutivas,Remisión Condicional (Pena Sustitutiva),Mujer,85
31/08/2026,Región de Aysén del General Carlos Ibáñez del Campo,C.D.P. Puerto Aysén,Tradicional,Subsistema Abierto,Régimen de Control Abierto,Penas Sustitutivas,Remisión Condicional (Pena Sustitutiva),Mujer,12
31/08/2026,Región de Aysén del General Carlos Ibáñez del Campo,C.R.S. Coyhaique,Tradicional,Subsistema Abierto,Régimen de Control Abierto,Penas Sustitutivas,Remisión Condicional (Pena Sustitutiva),Mujer,17
31/08/2026,Región de Magallanes y la Antártica Chilena,C.D.P. Porvenir,Tradicional,Subsistema Abierto,Régimen de Control Abierto,Penas Sustitutivas,Remisión Condicional (Pena Sustitutiva),Mujer,6
31/08/2026,Región de Magallanes y la Antártica Chilena,C.D.P. Puerto Natales,Tradicional,Subsistema Abierto,Régimen de Control Abierto,Penas Sustitutivas,Remisión Condicional (Pena Sustitutiva),Mujer,4
31/08/2026,Región de Magallanes y la Antártica Chilena,C.R.S. Punta Arenas,Tradicional,Subsistema Abierto,Régimen de Control Abierto,Penas Sustitutivas,Remisión Condicional (Pena Sustitutiva),Mujer,51
31/08/2026,Región de Los Ríos,C.C.P. Río Bueno,Tradicional,Subsistema Abierto,Régimen de Control Abierto,Penas Sustitutivas,Remisión Condicional (Pena Sustitutiva),Mujer,20
31/08/2026,Región de Los Ríos,C.R.S. Valdivia,Tradicional,Subsistema Abierto,Régimen de Control Abierto,Penas Sustitutivas,Remisión Condicional (Pena Sustitutiva),Mujer,101
31/08/2026,Región de Arica y Parinacota,C.R.S. Arica,Tradicional,Subsistema Abierto,Régimen de Control Abierto,Penas Sustitutivas,Remisión Condicional (Pena Sustitutiva),Mujer,94
31/08/2026,Región de Ñuble,C.D.P. Quirihue,Tradicional,Subsistema Abierto,Régimen de Control Abierto,Penas Sustitutivas,Remisión Condicional (Pena Sustitutiva),Mujer,3
31/08/2026,Región de Ñuble,C.D.P. San Carlos,Tradicional,Subsistema Abierto,Régimen de Control Abierto,Penas Sustitutivas,Remisión Condicional (Pena Sustitutiva),Mujer,5
31/08/2026,Región de Ñuble,C.D.P. Yungay,Tradicional,Subsistema Abierto,Régimen de Control Abierto,Penas Sustitutivas,Remisión Condicional (Pena Sustitutiva),Mujer,3
31/08/2026,Región de Ñuble,C.P.F. Bulnes,Tradicional,Subsistema Abierto,Régimen de Control Abierto,Penas Sustitutivas,Remisión Condicional (Pena Sustitutiva),Mujer,11
31/08/2026,Región de Ñuble,C.R.S. Chillán,Tradicional,Subsistema Abierto,Régimen de Control Abierto,Penas Sustitutivas,Remisión Condicional (Pena Sustitutiva),Mujer,61
31/08/2026,Región de Tarapacá,C.D.P. Pozo Almonte,Tradicional,Subsistema Abierto,Régimen de Control Abierto,Penas Sustitutivas,Remisión Condicional (Pena Sustitutiva),Mujer,24
31/08/2026,Región de Tarapacá,C.R.S. Alto Hospicio,Tradicional,Subsistema Abierto,Régimen de Control Abierto,Penas Sustitutivas,Remisión Condicional (Pena Sustitutiva),Mujer,101
31/08/2026,Región de Tarapacá,C.R.S. Iquique,Tradicional,Subsistema Abierto,Régimen de Control Abierto,Penas Sustitutivas,Remisión Condicional (Pena Sustitutiva),Mujer,78
31/08/2026,Región de Antofagasta,C.D.P. Taltal,Tradicional,Subsistema Abierto,Régimen de Control Abierto,Penas Sustitutivas,Remisión Condicional (Pena Sustitutiva),Mujer,6
31/08/2026,Región de Antofagasta,C.D.P. Tocopilla,Tradicional,Subsistema Abierto,Régimen de Control Abierto,Penas Sustitutivas,Remisión Condicional (Pena Sustitutiva),Mujer,19
31/08/2026,Región de Antofagasta,C.R.S. Antofagasta,Tradicional,Subsistema Abierto,Régimen de Control Abierto,Penas Sustitutivas,Remisión Condicional (Pena Sustitutiva),Mujer,171
31/08/2026,Región de Antofagasta,C.R.S. Calama,Tradicional,Subsistema Abierto,Régimen de Control Abierto,Penas Sustitutivas,Remisión Condicional (Pena Sustitutiva),Mujer,51
31/08/2026,Región de Atacama,C.C.P. Chañaral,Tradicional,Subsistema Abierto,Régimen de Control Abierto,Penas Sustitutivas,Remisión Condicional (Pena Sustitutiva),Mujer,20
31/08/2026,Región de Atacama,C.R.S. Copiapó,Tradicional,Subsistema Abierto,Régimen de Control Abierto,Penas Sustitutivas,Remisión Condicional (Pena Sustitutiva),Mujer,81
31/08/2026,Región de Atacama,C.R.S. Vallenar,Tradicional,Subsistema Abierto,Régimen de Control Abierto,Penas Sustitutivas,Remisión Condicional (Pena Sustitutiva),Mujer,40
31/08/2026,Región de Coquimbo,C.D.P. Vicuña,Tradicional,Subsistema Abierto,Régimen de Control Abierto,Penas Sustitutivas,Remisión Condicional (Pena Sustitutiva),Mujer,10
31/08/2026,Región de Coquimbo,C.R.S. Illapel,Tradicional,Subsistema Abierto,Régimen de Control Abierto,Penas Sustitutivas,Remisión Condicional (Pena Sustitutiva),Mujer,38
31/08/2026,Región de Coquimbo,C.R.S. La Serena,Tradicional,Subsistema Abierto,Régimen de Control Abierto,Penas Sustitutivas,Remisión Condicional (Pena Sustitutiva),Mujer,182
31/08/2026,Región de Coquimbo,C.R.S. Ovalle,Tradicional,Subsistema Abierto,Régimen de Control Abierto,Penas Sustitutivas,Remisión Condicional (Pena Sustitutiva),Mujer,30
31/08/2026,Región del Libertador Bernardo O'Higgins,C.A.I.S. Rengo,Tradicional,Subsistema Abierto,Régimen de Control Abierto,Penas Sustitutivas,Remisión Condicional (Pena Sustitutiva),Mujer,51
31/08/2026,Región del Libertador Bernardo O'Higgins,C.R.S. Rancagua,Tradicional,Subsistema Abierto,Régimen de Control Abierto,Penas Sustitutivas,Remisión Condicional (Pena Sustitutiva),Mujer,120
31/08/2026,Región del Libertador Bernardo O'Higgins,C.R.S. San Fernando,Tradicional,Subsistema Abierto,Régimen de Control Abierto,Penas Sustitutivas,Remisión Condicional (Pena Sustitutiva),Mujer,63
31/08/2026,Región de Los Lagos,Anexo C.D.P. Chaitén,Tradicional,Subsistema Abierto,Régimen de Control Abierto,Penas Sustitutivas,Remisión Condicional (Pena Sustitutiva),Mujer,2
31/08/2026,Región de Los Lagos,C.D.P. Maullín,Tradicional,Subsistema Abierto,Régimen de Control Abierto,Penas Sustitutivas,Remisión Condicional (Pena Sustitutiva),Mujer,2
31/08/2026,Región de Aysén del General Carlos Ibáñez del Campo,C.D.P. Chile Chico,Tradicional,Subsistema Abierto,Régimen de Control Abierto,Penas Sustitutivas,Remisión Condicional (Pena Sustitutiva),Mujer,2
31/08/2026,Región de Aysén del General Carlos Ibáñez del Campo,C.D.P. Cochrane,Tradicional,Subsistema Abierto,Régimen de Control Abierto,Penas Sustitutivas,Remisión Condicional (Pena Sustitutiva),Mujer,2
31/08/2026,Región de Los Ríos,C.C.P. Río Bueno,Tradicional,Subsistema Abierto,Régimen de Control Abierto,Penas Sustitutivas,Remisión Condicional (Pena Sustitutiva),Hombre,184
31/08/2026,Región de Los Ríos,C.R.S. Valdivia,Tradicional,Subsistema Abierto,Régimen de Control Abierto,Penas Sustitutivas,Remisión Condicional (Pena Sustitutiva),Hombre,667
31/08/2026,Región de Arica y Parinacota,C.R.S. Arica,Tradicional,Subsistema Abierto,Régimen de Control Abierto,Penas Sustitutivas,Remisión Condicional (Pena Sustitutiva),Hombre,613
31/08/2026,Región de Magallanes y la Antártica Chilena,C.D.P. Porvenir,Tradicional,Subsistema Abierto,Régimen de Control Abierto,Penas Sustitutivas,Remisión Condicional (Pena Sustitutiva),Hombre,25
31/08/2026,Región de Magallanes y la Antártica Chilena,C.D.P. Puerto Natales,Tradicional,Subsistema Abierto,Régimen de Control Abierto,Penas Sustitutivas,Remisión Condicional (Pena Sustitutiva),Hombre,82
31/08/2026,Región de Magallanes y la Antártica Chilena,C.R.S. Punta Arenas,Tradicional,Subsistema Abierto,Régimen de Control Abierto,Penas Sustitutivas,Remisión Condicional (Pena Sustitutiva),Hombre,271
31/08/2026,Región de Atacama,C.C.P. Chañaral,Tradicional,Subsistema Abierto,Régimen de Control Abierto,Penas Sustitutivas,Remisión Condicional (Pena Sustitutiva),Hombre,124
31/08/2026,Región de Atacama,C.R.S. Copiapó,Tradicional,Subsistema Abierto,Régimen de Control Abierto,Penas Sustitutivas,Remisión Condicional (Pena Sustitutiva),Hombre,478
31/08/2026,Región de Atacama,C.R.S. Vallenar,Tradicional,Subsistema Abierto,Régimen de Control Abierto,Penas Sustitutivas,Remisión Condicional (Pena Sustitutiva),Hombre,254
31/08/2026,Región del Libertador Bernardo O'Higgins,C.A.I.S. Rengo,Tradicional,Subsistema Abierto,Régimen de Control Abierto,Penas Sustitutivas,Remisión Condicional (Pena Sustitutiva),Hombre,591
31/08/2026,Región del Libertador Bernardo O'Higgins,C.R.S. Rancagua,Tradicional,Subsistema Abierto,Régimen de Control Abierto,Penas Sustitutivas,Remisión Condicional (Pena Sustitutiva),Hombre,791
31/08/2026,Región del Libertador Bernardo O'Higgins,C.R.S. San Fernando,Tradicional,Subsistema Abierto,Régimen de Control Abierto,Penas Sustitutivas,Remisión Condicional (Pena Sustitutiva),Hombre,685
31/08/2026,Región de Tarapacá,C.D.P. Pozo Almonte,Tradicional,Subsistema Abierto,Régimen de Control Abierto,Penas Sustitutivas,Remisión Condicional (Pena Sustitutiva),Hombre,138
31/08/2026,Región de Tarapacá,C.R.S. Alto Hospicio,Tradicional,Subsistema Abierto,Régimen de Control Abierto,Penas Sustitutivas,Remisión Condicional (Pena Sustitutiva),Hombre,537
31/08/2026,Región de Tarapacá,C.R.S. Iquique,Tradicional,Subsistema Abierto,Régimen de Control Abierto,Penas Sustitutivas,Remisión Condicional (Pena Sustitutiva),Hombre,460
31/08/2026,Región de Aysén del General Carlos Ibáñez del Campo,C.D.P. Chile Chico,Tradicional,Subsistema Abierto,Régimen de Control Abierto,Penas Sustitutivas,Remisión Condicional (Pena Sustitutiva),Hombre,11
31/08/2026,Región de Aysén del General Carlos Ibáñez del Campo,C.D.P. Cochrane,Tradicional,Subsistema Abierto,Régimen de Control Abierto,Penas Sustitutivas,Remisión Condicional (Pena Sustitutiva),Hombre,22
31/08/2026,Región de Aysén del General Carlos Ibáñez del Campo,C.D.P. Puerto Aysén,Tradicional,Subsistema Abierto,Régimen de Control Abierto,Penas Sustitutivas,Remisión Condicional (Pena Sustitutiva),Hombre,82
31/08/2026,Región de Aysén del General Carlos Ibáñez del Campo,C.R.S. Coyhaique,Tradicional,Subsistema Abierto,Régimen de Control Abierto,Penas Sustitutivas,Remisión Condicional (Pena Sustitutiva),Hombre,199
31/08/2026,Región de Antofagasta,C.D.P. Taltal,Tradicional,Subsistema Abierto,Régimen de Control Abierto,Penas Sustitutivas,Remisión Condicional (Pena Sustitutiva),Hombre,42
31/08/2026,Región de Antofagasta,C.D.P. Tocopilla,Tradicional,Subsistema Abierto,Régimen de Control Abierto,Penas Sustitutivas,Remisión Condicional (Pena Sustitutiva),Hombre,106
31/08/2026,Región de Antofagasta,C.R.S. Antofagasta,Tradicional,Subsistema Abierto,Régimen de Control Abierto,Penas Sustitutivas,Remisión Condicional (Pena Sustitutiva),Hombre,874
31/08/2026,Región de Antofagasta,C.R.S. Calama,Tradicional,Subsistema Abierto,Régimen de Control Abierto,Penas Sustitutivas,Remisión Condicional (Pena Sustitutiva),Hombre,333
31/08/2026,Región de Ñuble,C.D.P. Quirihue,Tradicional,Subsistema Abierto,Régimen de Control Abierto,Penas Sustitutivas,Remisión Condicional (Pena Sustitutiva),Hombre,52
31/08/2026,Región de Ñuble,C.D.P. San Carlos,Tradicional,Subsistema Abierto,Régimen de Control Abierto,Penas Sustitutivas,Remisión Condicional (Pena Sustitutiva),Hombre,101
31/08/2026,Región de Ñuble,C.D.P. Yungay,Tradicional,Subsistema Abierto,Régimen de Control Abierto,Penas Sustitutivas,Remisión Condicional (Pena Sustitutiva),Hombre,51
31/08/2026,Región de Ñuble,C.P.F. Bulnes,Tradicional,Subsistema Abierto,Régimen de Control Abierto,Penas Sustitutivas,Remisión Condicional (Pena Sustitutiva),Hombre,64
31/08/2026,Región de Ñuble,C.R.S. Chillán,Tradicional,Subsistema Abierto,Régimen de Control Abierto,Penas Sustitutivas,Remisión Condicional (Pena Sustitutiva),Hombre,434
31/08/2026,Región de Coquimbo,C.D.P. Combarbalá,Tradicional,Subsistema Abierto,Régimen de Control Abierto,Penas Sustitutivas,Remisión Condicional (Pena Sustitutiva),Hombre,11
31/08/2026,Región de Coquimbo,C.D.P. Vicuña,Tradicional,Subsistema Abierto,Régimen de Control Abierto,Penas Sustitutivas,Remisión Condicional (Pena Sustitutiva),Hombre,66
31/08/2026,Región de Coquimbo,C.R.S. Illapel,Tradicional,Subsistema Abierto,Régimen de Control Abierto,Penas Sustitutivas,Remisión Condicional (Pena Sustitutiva),Hombre,206
31/08/2026,Región de Coquimbo,C.R.S. La Serena,Tradicional,Subsistema Abierto,Régimen de Control Abierto,Penas Sustitutivas,Remisión Condicional (Pena Sustitutiva),Hombre,625
31/08/2026,Región de Coquimbo,C.R.S. Ovalle,Tradicional,Subsistema Abierto,Régimen de Control Abierto,Penas Sustitutivas,Remisión Condicional (Pena Sustitutiva),Hombre,242
31/08/2026,Región de Los Lagos,Anexo C.D.P. Chaitén,Tradicional,Subsistema Abierto,Régimen de Control Abierto,Penas Sustitutivas,Remisión Condicional (Pena Sustitutiva),Hombre,22
31/08/2026,Región de Los Lagos,C.D.P. Ancud,Tradicional,Subsistema Abierto,Régimen de Control Abierto,Penas Sustitutivas,Remisión Condicional (Pena Sustitutiva),Hombre,134
31/08/2026,Región de Los Lagos,C.D.P. Maullín,Tradicional,Subsistema Abierto,Régimen de Control Abierto,Penas Sustitutivas,Remisión Condicional (Pena Sustitutiva),Hombre,38
31/08/2026,Región de Los Lagos,C.D.P. Río Negro,Tradicional,Subsistema Abierto,Régimen de Control Abierto,Penas Sustitutivas,Remisión Condicional (Pena Sustitutiva),Hombre,72
31/08/2026,Región de Los Lagos,C.R.S. Castro,Tradicional,Subsistema Abierto,Régimen de Control Abierto,Penas Sustitutivas,Remisión Condicional (Pena Sustitutiva),Hombre,369
31/08/2026,Región de Los Lagos,C.R.S. Osorno,Tradicional,Subsistema Abierto,Régimen de Control Abierto,Penas Sustitutivas,Remisión Condicional (Pena Sustitutiva),Hombre,330
31/08/2026,Región de Los Lagos,C.R.S. Puerto Montt,Tradicional,Subsistema Abierto,Régimen de Control Abierto,Penas Sustitutivas,Remisión Condicional (Pena Sustitutiva),Hombre,855
31/08/2026,Región del Biobío,C.D.P. Arauco,Tradicional,Subsistema Abierto,Régimen de Control Abierto,Penas Sustitutivas,Remisión Condicional (Pena Sustitutiva),Hombre,101
31/08/2026,Región del Biobío,C.D.P. Lebu,Tradicional,Subsistema Abierto,Régimen de Control Abierto,Penas Sustitutivas,Remisión Condicional (Pena Sustitutiva),Hombre,38
31/08/2026,Región del Biobío,C.D.P. Mulchén,Tradicional,Subsistema Abierto,Régimen de Control Abierto,Penas Sustitutivas,Remisión Condicional (Pena Sustitutiva),Hombre,60
31/08/2026,Región del Biobío,C.D.P. Yumbel,Tradicional,Subsistema Abierto,Régimen de Control Abierto,Penas Sustitutivas,Remisión Condicional (Pena Sustitutiva),Hombre,87
31/08/2026,Región del Biobío,C.R.S. Cañete,Tradicional,Subsistema Abierto,Régimen de Control Abierto,Penas Sustitutivas,Remisión Condicional (Pena Sustitutiva),Hombre,199
31/08/2026,Región del Biobío,C.R.S. Concepción,Tradicional,Subsistema Abierto,Régimen de Control Abierto,Penas Sustitutivas,Remisión Condicional (Pena Sustitutiva),Hombre,1031
31/08/2026,Región del Biobío,C.R.S. Coronel,Tradicional,Subsistema Abierto,Régimen de Control Abierto,Penas Sustitutivas,Remisión Condicional (Pena Sustitutiva),Hombre,299
31/08/2026,Región del Biobío,C.R.S. Los Ángeles,Tradicional,Subsistema Abierto,Régimen de Control Abierto,Penas Sustitutivas,Remisión Condicional (Pena Sustitutiva),Hombre,605
31/08/2026,Región del Maule,C.C.P. Molina,Tradicional,Subsistema Abierto,Régimen de Control Abierto,Penas Sustitutivas,Remisión Condicional (Pena Sustitutiva),Hombre,82
31/08/2026,Región del Maule,C.C.P. Parral,Tradicional,Subsistema Abierto,Régimen de Control Abierto,Penas Sustitutivas,Remisión Condicional (Pena Sustitutiva),Hombre,110
31/08/2026,Región del Maule,C.D.P. Chanco,Tradicional,Subsistema Abierto,Régimen de Control Abierto,Penas Sustitutivas,Remisión Condicional (Pena Sustitutiva),Hombre,64
31/08/2026,Región del Maule,C.D.P. Constitución,Tradicional,Subsistema Abierto,Régimen de Control Abierto,Penas Sustitutivas,Remisión Condicional (Pena Sustitutiva),Hombre,130
31/08/2026,Región del Maule,C.R.S. Cauquenes,Tradicional,Subsistema Abierto,Régimen de Control Abierto,Penas Sustitutivas,Remisión Condicional (Pena Sustitutiva),Hombre,130
31/08/2026,Región del Maule,C.R.S. Curicó,Tradicional,Subsistema Abierto,Régimen de Control Abierto,Penas Sustitutivas,Remisión Condicional (Pena Sustitutiva),Hombre,481
31/08/2026,Región del Maule,C.R.S. Linares,Tradicional,Subsistema Abierto,Régimen de Control Abierto,Penas Sustitutivas,Remisión Condicional (Pena Sustitutiva),Hombre,406
31/08/2026,Región del Maule,C.R.S. Talca,Tradicional,Subsistema Abierto,Régimen de Control Abierto,Penas Sustitutivas,Remisión Condicional (Pena Sustitutiva),Hombre,557
31/08/2026,Región de Valparaíso,C.C.P. Los Andes,Tradicional,Subsistema Abierto,Régimen de Control Abierto,Penas Sustitutivas,Remisión Condicional (Pena Sustitutiva),Hombre,75
31/08/2026,Región de Valparaíso,C.D.P. Casablanca,Tradicional,Subsistema Abierto,Régimen de Control Abierto,Penas Sustitutivas,Remisión Condicional (Pena Sustitutiva),Hombre,78
31/08/2026,Región de Valparaíso,C.D.P. Petorca,Tradicional,Subsistema Abierto,Régimen de Control Abierto,Penas Sustitutivas,Remisión Condicional (Pena Sustitutiva),Hombre,199
31/08/2026,Región de Valparaíso,C.R.S. Los Andes,Tradicional,Subsistema Abierto,Régimen de Control Abierto,Penas Sustitutivas,Remisión Condicional (Pena Sustitutiva),Hombre,386
31/08/2026,Región de Valparaíso,C.R.S. Quillota,Tradicional,Subsistema Abierto,Régimen de Control Abierto,Penas Sustitutivas,Remisión Condicional (Pena Sustitutiva),Hombre,407
31/08/2026,Región de Valparaíso,C.R.S. Quilpué,Tradicional,Subsistema Abierto,Régimen de Control Abierto,Penas Sustitutivas,Remisión Condicional (Pena Sustitutiva),Hombre,428
31/08/2026,Región de Valparaíso,C.R.S. San Antonio,Tradicional,Subsistema Abierto,Régimen de Control Abierto,Penas Sustitutivas,Remisión Condicional (Pena Sustitutiva),Hombre,408
31/08/2026,Región de Valparaíso,C.R.S. Valparaíso,Tradicional,Subsistema Abierto,Régimen de Control Abierto,Penas Sustitutivas,Remisión Condicional (Pena Sustitutiva),Hombre,1191
31/08/2026,Región Metropolitana,C.A.I.S. Melipilla,Tradicional,Subsistema Abierto,Régimen de Control Abierto,Penas Sustitutivas,Remisión Condicional (Pena Sustitutiva),Hombre,463
31/08/2026,Región Metropolitana,C.C.P. Buin,Tradicional,Subsistema Abierto,Régimen de Control Abierto,Penas Sustitutivas,Remisión Condicional (Pena Sustitutiva),Hombre,256
31/08/2026,Región Metropolitana,C.R.S. Santiago Centro,Tradicional,Subsistema Abierto,Régimen de Control Abierto,Penas Sustitutivas,Remisión Condicional (Pena Sustitutiva),Hombre,1058
31/08/2026,Región Metropolitana,C.R.S. Santiago Norte,Tradicional,Subsistema Abierto,Régimen de Control Abierto,Penas Sustitutivas,Remisión Condicional (Pena Sustitutiva),Hombre,1267
31/08/2026,Región Metropolitana,C.R.S. Santiago Occidente,Tradicional,Subsistema Abierto,Régimen de Control Abierto,Penas Sustitutivas,Remisión Condicional (Pena Sustitutiva),Hombre,1009
31/08/2026,Región Metropolitana,C.R.S. Santiago Oriente,Tradicional,Subsistema Abierto,Régimen de Control Abierto,Penas Sustitutivas,Remisión Condicional (Pena Sustitutiva),Hombre,1249
31/08/2026,Región Metropolitana,C.R.S. Santiago Sur II,Tradicional,Subsistema Abierto,Régimen de Control Abierto,Penas Sustitutivas,Remisión Condicional (Pena Sustitutiva),Hombre,1385
31/08/2026,Región Metropolitana,C.R.S. Santiago Sur,Tradicional,Subsistema Abierto,Régimen de Control Abierto,Penas Sustitutivas,Remisión Condicional (Pena Sustitutiva),Hombre,1022
31/08/2026,Región de la Araucanía,C.C.P. Collipulli,Tradicional,Subsistema Abierto,Régimen de Control Abierto,Penas Sustitutivas,Remisión Condicional (Pena Sustitutiva),Hombre,138
31/08/2026,Región de la Araucanía,C.C.P. Lautaro,Tradicional,Subsistema Abierto,Régimen de Control Abierto,Penas Sustitutivas,Remisión Condicional (Pena Sustitutiva),Hombre,174
31/08/2026,Región de la Araucanía,C.C.P. Nueva Imperial,Tradicional,Subsistema Abierto,Régimen de Control Abierto,Penas Sustitutivas,Remisión Condicional (Pena Sustitutiva),Hombre,268
31/08/2026,Región de la Araucanía,C.C.P. Victoria,Tradicional,Subsistema Abierto,Régimen de Control Abierto,Penas Sustitutivas,Remisión Condicional (Pena Sustitutiva),Hombre,138
31/08/2026,Región de la Araucanía,C.D.P. Curacautín,Tradicional,Subsistema Abierto,Régimen de Control Abierto,Penas Sustitutivas,Remisión Condicional (Pena Sustitutiva),Hombre,62
31/08/2026,Región de la Araucanía,C.D.P. Pitrufquén,Tradicional,Subsistema Abierto,Régimen de Control Abierto,Penas Sustitutivas,Remisión Condicional (Pena Sustitutiva),Hombre,176
31/08/2026,Región de la Araucanía,C.D.P. Traiguén,Tradicional,Subsistema Abierto,Régimen de Control Abierto,Penas Sustitutivas,Remisión Condicional (Pena Sustitutiva),Hombre,81
31/08/2026,Región de la Araucanía,C.R.S. Angol,Tradicional,Subsistema Abierto,Régimen de Control Abierto,Penas Sustitutivas,Remisión Condicional (Pena Sustitutiva),Hombre,192
31/08/2026,Región de la Araucanía,C.R.S. Temuco,Tradicional,Subsistema Abierto,Régimen de Control Abierto,Penas Sustitutivas,Remisión Condicional (Pena Sustitutiva),Hombre,764
31/08/2026,Región de la Araucanía,C.R.S. Villarrica,Tradicional,Subsistema Abierto,Régimen de Control Abierto,Penas Sustitutivas,Remisión Condicional (Pena Sustitutiva),Hombre,510
31/08/2026,Región de la Araucanía,C.C.P. Collipulli,Tradicional,Subsistema Cerrado,Régimen de Control Cerrado,Cerrado 24 Horas,Condenados (Privados de Libertad 24 Horas),Hombre,105
31/08/2026,Región de la Araucanía,C.C.P. Lautaro,Tradicional,Subsistema Cerrado,Régimen de Control Cerrado,Cerrado 24 Horas,Condenados (Privados de Libertad 24 Horas),Hombre,155
31/08/2026,Región de la Araucanía,C.C.P. Nueva Imperial,Tradicional,Subsistema Cerrado,Régimen de Control Cerrado,Cerrado 24 Horas,Condenados (Privados de Libertad 24 Horas),Hombre,173
31/08/2026,Región de la Araucanía,C.C.P. Temuco,Tradicional,Subsistema Cerrado,Régimen de Control Cerrado,Cerrado 24 Horas,Condenados (Privados de Libertad 24 Horas),Hombre,510
31/08/2026,Región de la Araucanía,C.C.P. Victoria,Tradicional,Subsistema Cerrado,Régimen de Control Cerrado,Cerrado 24 Horas,Condenados (Privados de Libertad 24 Horas),Hombre,116
31/08/2026,Región de la Araucanía,C.D.P. Angol,Tradicional,Subsistema Cerrado,Régimen de Control Cerrado,Cerrado 24 Horas,Condenados (Privados de Libertad 24 Horas),Hombre,403
31/08/2026,Región de la Araucanía,C.D.P. Curacautín,Tradicional,Subsistema Cerrado,Régimen de Control Cerrado,Cerrado 24 Horas,Condenados (Privados de Libertad 24 Horas),Hombre,70
31/08/2026,Región de la Araucanía,C.D.P. Pitrufquén,Tradicional,Subsistema Cerrado,Régimen de Control Cerrado,Cerrado 24 Horas,Condenados (Privados de Libertad 24 Horas),Hombre,170
31/08/2026,Región de la Araucanía,C.D.P. Traiguén,Tradicional,Subsistema Cerrado,Régimen de Control Cerrado,Cerrado 24 Horas,Condenados (Privados de Libertad 24 Horas),Hombre,148
31/08/2026,Región de la Araucanía,C.D.P. Villarrica,Tradicional,Subsistema Cerrado,Régimen de Control Cerrado,Cerrado 24 Horas,Condenados (Privados de Libertad 24 Horas),Hombre,208
31/08/2026,Región de Valparaíso,C.P. Valparaíso,Tradicional,Subsistema Cerrado,Régimen de Control Cerrado,Cerrado 24 Horas,Condenados (Privados de Libertad 24 Horas),Hombre,2333
31/08/2026,Región de Valparaíso,C.C.P. Los Andes,Tradicional,Subsistema Cerrado,Régimen de Control Cerrado,Cerrado 24 Horas,Condenados (Privados de Libertad 24 Horas),Hombre,268
31/08/2026,Región de Valparaíso,C.C.P. San Antonio,Tradicional,Subsistema Cerrado,Régimen de Control Cerrado,Cerrado 24 Horas,Condenados (Privados de Libertad 24 Horas),Hombre,194
31/08/2026,Región de Valparaíso,C.D.P. Casablanca,Tradicional,Subsistema Cerrado,Régimen de Control Cerrado,Cerrado 24 Horas,Condenados (Privados de Libertad 24 Horas),Hombre,86
31/08/2026,Región de Valparaíso,C.D.P. Limache,Tradicional,Subsistema Cerrado,Régimen de Control Cerrado,Cerrado 24 Horas,Condenados (Privados de Libertad 24 Horas),Hombre,171
31/08/2026,Región de Valparaíso,C.D.P. Petorca,Tradicional,Subsistema Cerrado,Régimen de Control Cerrado,Cerrado 24 Horas,Condenados (Privados de Libertad 24 Horas),Hombre,61
31/08/2026,Región de Valparaíso,C.D.P. Quillota,Tradicional,Subsistema Cerrado,Régimen de Control Cerrado,Cerrado 24 Horas,Condenados (Privados de Libertad 24 Horas),Hombre,321
31/08/2026,Región de Valparaíso,S.C. Isla de Pascua,Tradicional,Subsistema Cerrado,Régimen de Control Cerrado,Cerrado 24 Horas,Condenados (Privados de Libertad 24 Horas),Hombre,5
31/08/2026,Región Metropolitana,C.C.P. Colina I,Tradicional,Subsistema Cerrado,Régimen de Control Cerrado,Cerrado 24 Horas,Condenados (Privados de Libertad 24 Horas),Hombre,2502
31/08/2026,Región Metropolitana,C.C.P. Colina II,Tradicional,Subsistema Cerrado,Régimen de Control Cerrado,Cerrado 24 Horas,Condenados (Privados de Libertad 24 Horas),Hombre,1773
31/08/2026,Región Metropolitana,C.C.P. Tiltil,Tradicional,Subsistema Cerrado,Régimen de Control Cerrado,Cerrado 24 Horas,Condenados (Privados de Libertad 24 Horas),Hombre,163
31/08/2026,Región Metropolitana,C.D.P. Puente Alto,Tradicional,Subsistema Cerrado,Régimen de Control Cerrado,Cerrado 24 Horas,Condenados (Privados de Libertad 24 Horas),Hombre,960
31/08/2026,Región Metropolitana,C.D.P. Santiago Sur,Tradicional,Subsistema Cerrado,Régimen de Control Cerrado,Cerrado 24 Horas,Condenados (Privados de Libertad 24 Horas),Hombre,5609
31/08/2026,Región Metropolitana,C.D.P. Talagante,Tradicional,Subsistema Cerrado,Régimen de Control Cerrado,Cerrado 24 Horas,Condenados (Privados de Libertad 24 Horas),Hombre,219
31/08/2026,Región Metropolitana,R.E.P.A.S.,Tradicional,Subsistema Cerrado,Régimen de Control Cerrado,Cerrado 24 Horas,Condenados (Privados de Libertad 24 Horas),Hombre,49
31/08/2026,Región del Maule,C.C.P. Cauquenes,Tradicional,Subsistema Cerrado,Régimen de Control Cerrado,Cerrado 24 Horas,Condenados (Privados de Libertad 24 Horas),Hombre,383
31/08/2026,Región del Maule,C.C.P. Curicó,Tradicional,Subsistema Cerrado,Régimen de Control Cerrado,Cerrado 24 Horas,Condenados (Privados de Libertad 24 Horas),Hombre,335
31/08/2026,Región del Maule,C.C.P. Linares,Tradicional,Subsistema Cerrado,Régimen de Control Cerrado,Cerrado 24 Horas,Condenados (Privados de Libertad 24 Horas),Hombre,281
31/08/2026,Región del Maule,C.C.P. Molina,Tradicional,Subsistema Cerrado,Régimen de Control Cerrado,Cerrado 24 Horas,Condenados (Privados de Libertad 24 Horas),Hombre,117
31/08/2026,Región del Maule,C.C.P. Parral,Tradicional,Subsistema Cerrado,Régimen de Control Cerrado,Cerrado 24 Horas,Condenados (Privados de Libertad 24 Horas),Hombre,94
31/08/2026,Región del Maule,C.C.P. Talca,Tradicional,Subsistema Cerrado,Régimen de Control Cerrado,Cerrado 24 Horas,Condenados (Privados de Libertad 24 Horas),Hombre,479
31/08/2026,Región del Maule,C.D.P. Chanco,Tradicional,Subsistema Cerrado,Régimen de Control Cerrado,Cerrado 24 Horas,Condenados (Privados de Libertad 24 Horas),Hombre,6
31/08/2026,Región del Biobío,C.D.P. Arauco,Tradicional,Subsistema Cerrado,Régimen de Control Cerrado,Cerrado 24 Horas,Condenados (Privados de Libertad 24 Horas),Hombre,106
31/08/2026,Región del Biobío,C.D.P. Lebu,Tradicional,Subsistema Cerrado,Régimen de Control Cerrado,Cerrado 24 Horas,Condenados (Privados de Libertad 24 Horas),Hombre,106
31/08/2026,Región del Biobío,C.D.P. Mulchén,Tradicional,Subsistema Cerrado,Régimen de Control Cerrado,Cerrado 24 Horas,Condenados (Privados de Libertad 24 Horas),Hombre,112
31/08/2026,Región del Biobío,C.D.P. Yumbel,Tradicional,Subsistema Cerrado,Régimen de Control Cerrado,Cerrado 24 Horas,Condenados (Privados de Libertad 24 Horas),Hombre,113
31/08/2026,Región de Ñuble,C.C.P. Chillán,Tradicional,Subsistema Cerrado,Régimen de Control Cerrado,Cerrado 24 Horas,Condenados (Privados de Libertad 24 Horas),Hombre,375
31/08/2026,Región de Ñuble,C.D.P. Quirihue,Tradicional,Subsistema Cerrado,Régimen de Control Cerrado,Cerrado 24 Horas,Condenados (Privados de Libertad 24 Horas),Hombre,73
31/08/2026,Región de Ñuble,C.D.P. San Carlos,Tradicional,Subsistema Cerrado,Régimen de Control Cerrado,Cerrado 24 Horas,Condenados (Privados de Libertad 24 Horas),Hombre,86
31/08/2026,Región de Ñuble,C.D.P. Yungay,Tradicional,Subsistema Cerrado,Régimen de Control Cerrado,Cerrado 24 Horas,Condenados (Privados de Libertad 24 Horas),Hombre,86
31/08/2026,Región de Aysén del General Carlos Ibáñez del Campo,C.C.P. Coyhaique,Tradicional,Subsistema Cerrado,Régimen de Control Cerrado,Cerrado 24 Horas,Condenados (Privados de Libertad 24 Horas),Hombre,126
31/08/2026,Región de Aysén del General Carlos Ibáñez del Campo,C.D.P. Chile Chico,Tradicional,Subsistema Cerrado,Régimen de Control Cerrado,Cerrado 24 Horas,Condenados (Privados de Libertad 24 Horas),Hombre,30
31/08/2026,Región de Aysén del General Carlos Ibáñez del Campo,C.D.P. Cochrane,Tradicional,Subsistema Cerrado,Régimen de Control Cerrado,Cerrado 24 Horas,Condenados (Privados de Libertad 24 Horas),Hombre,10
31/08/2026,Región de Aysén del General Carlos Ibáñez del Campo,C.D.P. Puerto Aysén,Tradicional,Subsistema Cerrado,Régimen de Control Cerrado,Cerrado 24 Horas,Condenados (Privados de Libertad 24 Horas),Hombre,114
31/08/2026,Región de Atacama,C.C.P. Chañaral,Tradicional,Subsistema Cerrado,Régimen de Control Cerrado,Cerrado 24 Horas,Condenados (Privados de Libertad 24 Horas),Hombre,62
31/08/2026,Región de Atacama,C.C.P. Copiapó,Tradicional,Subsistema Cerrado,Régimen de Control Cerrado,Cerrado 24 Horas,Condenados (Privados de Libertad 24 Horas),Hombre,297
31/08/2026,Región de Atacama,C.D.P. Vallenar,Tradicional,Subsistema Cerrado,Régimen de Control Cerrado,Cerrado 24 Horas,Condenados (Privados de Libertad 24 Horas),Hombre,211
31/08/2026,Región de Los Lagos,C.C.P. Osorno,Tradicional,Subsistema Cerrado,Régimen de Control Cerrado,Cerrado 24 Horas,Condenados (Privados de Libertad 24 Horas),Hombre,311
31/08/2026,Región de Los Lagos,C.D.P. Ancud,Tradicional,Subsistema Cerrado,Régimen de Control Cerrado,Cerrado 24 Horas,Condenados (Privados de Libertad 24 Horas),Hombre,67
31/08/2026,Región de Los Lagos,C.D.P. Castro,Tradicional,Subsistema Cerrado,Régimen de Control Cerrado,Cerrado 24 Horas,Condenados (Privados de Libertad 24 Horas),Hombre,134
31/08/2026,Región de Antofagasta,C.D.P. Calama,Tradicional,Subsistema Cerrado,Régimen de Control Cerrado,Cerrado 24 Horas,Condenados (Privados de Libertad 24 Horas),Hombre,267
31/08/2026,Región de Antofagasta,C.D.P. Taltal,Tradicional,Subsistema Cerrado,Régimen de Control Cerrado,Cerrado 24 Horas,Condenados (Privados de Libertad 24 Horas),Hombre,93
31/08/2026,Región de Antofagasta,C.D.P. Tocopilla,Tradicional,Subsistema Cerrado,Régimen de Control Cerrado,Cerrado 24 Horas,Condenados (Privados de Libertad 24 Horas),Hombre,402
31/08/2026,Región de Magallanes y la Antártica Chilena,C.D.P. Porvenir,Tradicional,Subsistema Cerrado,Régimen de Control Cerrado,Cerrado 24 Horas,Condenados (Privados de Libertad 24 Horas),Hombre,19
31/08/2026,Región de Magallanes y la Antártica Chilena,C.D.P. Puerto Natales,Tradicional,Subsistema Cerrado,Régimen de Control Cerrado,Cerrado 24 Horas,Condenados (Privados de Libertad 24 Horas),Hombre,30
31/08/2026,Región de Magallanes y la Antártica Chilena,C.P. Punta Arenas,Tradicional,Subsistema Cerrado,Régimen de Control Cerrado,Cerrado 24 Horas,Condenados (Privados de Libertad 24 Horas),Hombre,376
31/08/2026,Región del Libertador Bernardo O'Higgins,C.C.P. Rengo,Tradicional,Subsistema Cerrado,Régimen de Control Cerrado,Cerrado 24 Horas,Condenados (Privados de Libertad 24 Horas),Hombre,120
31/08/2026,Región del Libertador Bernardo O'Higgins,C.C.P. Santa Cruz,Tradicional,Subsistema Cerrado,Régimen de Control Cerrado,Cerrado 24 Horas,Condenados (Privados de Libertad 24 Horas),Hombre,209
31/08/2026,Región del Libertador Bernardo O'Higgins,C.D.P. Peumo,Tradicional,Subsistema Cerrado,Régimen de Control Cerrado,Cerrado 24 Horas,Condenados (Privados de Libertad 24 Horas),Hombre,153
31/08/2026,Región de Los Ríos,C.C.P. Río Bueno,Tradicional,Subsistema Cerrado,Régimen de Control Cerrado,Cerrado 24 Horas,Condenados (Privados de Libertad 24 Horas),Hombre,90
31/08/2026,Región de Arica y Parinacota,C.P. Arica,Tradicional,Subsistema Cerrado,Régimen de Control Cerrado,Cerrado 24 Horas,Condenados (Privados de Libertad 24 Horas),Hombre,1806
31/08/2026,Región de Coquimbo,C.D.P. Illapel,Tradicional,Subsistema Cerrado,Régimen de Control Cerrado,Cerrado 24 Horas,Condenados (Privados de Libertad 24 Horas),Hombre,101
31/08/2026,Región de Coquimbo,C.D.P. Ovalle,Tradicional,Subsistema Cerrado,Régimen de Control Cerrado,Cerrado 24 Horas,Condenados (Privados de Libertad 24 Horas),Hombre,191
31/08/2026,Región de Los Lagos,C.C.P. Osorno,Tradicional,Subsistema Cerrado,Régimen de Control Cerrado,Cerrado 24 Horas,Condenados (Privados de Libertad 24 Horas),Mujer,26
31/08/2026,Región de Valparaíso,C.P. Valparaíso,Tradicional,Subsistema Cerrado,Régimen de Control Cerrado,Cerrado 24 Horas,Condenados (Privados de Libertad 24 Horas),Mujer,150
31/08/2026,Región de Aysén del General Carlos Ibáñez del Campo,C.C.P. Coyhaique,Tradicional,Subsistema Cerrado,Régimen de Control Cerrado,Cerrado 24 Horas,Condenados (Privados de Libertad 24 Horas),Mujer,3
31/08/2026,Región de Aysén del General Carlos Ibáñez del Campo,C.D.P. Puerto Aysén,Tradicional,Subsistema Cerrado,Régimen de Control Cerrado,Cerrado 24 Horas,Condenados (Privados de Libertad 24 Horas),Mujer,8
31/08/2026,Región de Magallanes y la Antártica Chilena,C.P. Punta Arenas,Tradicional,Subsistema Cerrado,Régimen de Control Cerrado,Cerrado 24 Horas,Condenados (Privados de Libertad 24 Horas),Mujer,16
31/08/2026,Región Metropolitana,C.P.F. San Miguel,Tradicional,Subsistema Cerrado,Régimen de Control Cerrado,Cerrado 24 Horas,Condenados (Privados de Libertad 24 Horas),Mujer,7
31/08/2026,Región Metropolitana,C.P.F. Santiago,Tradicional,Subsistema Cerrado,Régimen de Control Cerrado,Cerrado 24 Horas,Condenados (Privados de Libertad 24 Horas),Mujer,811
31/08/2026,Región de Arica y Parinacota,C.P. Arica,Tradicional,Subsistema Cerrado,Régimen de Control Cerrado,Cerrado 24 Horas,Condenados (Privados de Libertad 24 Horas),Mujer,5
31/08/2026,Región de Arica y Parinacota,C.P.F. Arica,Tradicional,Subsistema Cerrado,Régimen de Control Cerrado,Cerrado 24 Horas,Condenados (Privados de Libertad 24 Horas),Mujer,132
31/08/2026,Región de Ñuble,C.P.F. Bulnes,Tradicional,Subsistema Cerrado,Régimen de Control Cerrado,Cerrado 24 Horas,Condenados (Privados de Libertad 24 Horas),Mujer,56
31/08/2026,Región de Tarapacá,C.C.P. Iquique,Tradicional,Subsistema Cerrado,Régimen de Control Cerrado,Cerrado 24 Horas,Condenados (Privados de Libertad 24 Horas),Mujer,265
31/08/2026,Región de Antofagasta,C.D.P. Calama,Tradicional,Subsistema Cerrado,Régimen de Control Cerrado,Cerrado 24 Horas,Condenados (Privados de Libertad 24 Horas),Mujer,28
31/08/2026,Región de Antofagasta,C.D.P. Tocopilla,Tradicional,Subsistema Cerrado,Régimen de Control Cerrado,Cerrado 24 Horas,Condenados (Privados de Libertad 24 Horas),Mujer,52
31/08/2026,Región de Antofagasta,C.P.F. Antofagasta,Tradicional,Subsistema Cerrado,Régimen de Control Cerrado,Cerrado 24 Horas,Condenados (Privados de Libertad 24 Horas),Mujer,140
31/08/2026,Región de Atacama,C.C.P. Copiapó,Tradicional,Subsistema Cerrado,Régimen de Control Cerrado,Cerrado 24 Horas,Condenados (Privados de Libertad 24 Horas),Mujer,47
31/08/2026,Región de Atacama,C.D.P. Vallenar,Tradicional,Subsistema Cerrado,Régimen de Control Cerrado,Cerrado 24 Horas,Condenados (Privados de Libertad 24 Horas),Mujer,3
31/08/2026,Región de Coquimbo,C.D.P. Illapel,Tradicional,Subsistema Cerrado,Régimen de Control Cerrado,Cerrado 24 Horas,Condenados (Privados de Libertad 24 Horas),Mujer,7
31/08/2026,Región de Coquimbo,C.D.P. Ovalle,Tradicional,Subsistema Cerrado,Régimen de Control Cerrado,Cerrado 24 Horas,Condenados (Privados de Libertad 24 Horas),Mujer,10
31/08/2026,Región de Valparaíso,C.C.P. Los Andes,Tradicional,Subsistema Cerrado,Régimen de Control Cerrado,Cerrado 24 Horas,Condenados (Privados de Libertad 24 Horas),Mujer,36
31/08/2026,Región de Valparaíso,C.C.P. San Antonio,Tradicional,Subsistema Cerrado,Régimen de Control Cerrado,Cerrado 24 Horas,Condenados (Privados de Libertad 24 Horas),Mujer,29
31/08/2026,Región de Valparaíso,C.D.P. Quillota,Tradicional,Subsistema Cerrado,Régimen de Control Cerrado,Cerrado 24 Horas,Condenados (Privados de Libertad 24 Horas),Mujer,49
31/08/2026,Región del Libertador Bernardo O'Higgins,C.C.P. Santa Cruz,Tradicional,Subsistema Cerrado,Régimen de Control Cerrado,Cerrado 24 Horas,Condenados (Privados de Libertad 24 Horas),Mujer,7
31/08/2026,Región del Maule,C.C.P. Cauquenes,Tradicional,Subsistema Cerrado,Régimen de Control Cerrado,Cerrado 24 Horas,Condenados (Privados de Libertad 24 Horas),Mujer,41
31/08/2026,Región del Maule,C.C.P. Parral,Tradicional,Subsistema Cerrado,Régimen de Control Cerrado,Cerrado 24 Horas,Condenados (Privados de Libertad 24 Horas),Mujer,24
31/08/2026,Región del Maule,C.P.F. Talca,Tradicional,Subsistema Cerrado,Régimen de Control Cerrado,Cerrado 24 Horas,Condenados (Privados de Libertad 24 Horas),Mujer,127
31/08/2026,Región del Biobío,C.D.P. Arauco,Tradicional,Subsistema Cerrado,Régimen de Control Cerrado,Cerrado 24 Horas,Condenados (Privados de Libertad 24 Horas),Mujer,14
31/08/2026,Región de la Araucanía,C.D.P. Angol,Tradicional,Subsistema Cerrado,Régimen de Control Cerrado,Cerrado 24 Horas,Condenados (Privados de Libertad 24 Horas),Mujer,30
31/08/2026,Región de la Araucanía,C.D.P. Villarrica,Tradicional,Subsistema Cerrado,Régimen de Control Cerrado,Cerrado 24 Horas,Condenados (Privados de Libertad 24 Horas),Mujer,18
31/08/2026,Región de la Araucanía,C.P.F. Temuco,Tradicional,Subsistema Cerrado,Régimen de Control Cerrado,Cerrado 24 Horas,Condenados (Privados de Libertad 24 Horas),Mujer,66
31/08/2026,Región de Los Lagos,C.P. Puerto Montt,Concesionada,Subsistema Cerrado,Régimen de Control Cerrado,Cerrado 24 Horas,Condenados (Privados de Libertad 24 Horas),Hombre,1436
31/08/2026,Región de Los Lagos,C.P. Puerto Montt,Concesionada,Subsistema Cerrado,Régimen de Control Cerrado,Cerrado 24 Horas,Condenados (Privados de Libertad 24 Horas),Mujer,76
31/08/2026,Región de Los Ríos,C.P. Valdivia,Concesionada,Subsistema Cerrado,Régimen de Control Cerrado,Cerrado 24 Horas,Condenados (Privados de Libertad 24 Horas),Hombre,1274
31/08/2026,Región de Los Ríos,C.P. Valdivia,Concesionada,Subsistema Cerrado,Régimen de Control Cerrado,Cerrado 24 Horas,Condenados (Privados de Libertad 24 Horas),Mujer,89
31/08/2026,Región de Tarapacá,C.P. Alto Hospicio,Concesionada,Subsistema Cerrado,Régimen de Control Cerrado,Cerrado 24 Horas,Condenados (Privados de Libertad 24 Horas),Hombre,1904
31/08/2026,Región de Tarapacá,C.P. Alto Hospicio,Concesionada,Subsistema Cerrado,Régimen de Control Cerrado,Cerrado 24 Horas,Condenados (Privados de Libertad 24 Horas),Mujer,20
31/08/2026,Región de Antofagasta,C.C.P. Antofagasta concesionado,Concesionada,Subsistema Cerrado,Régimen de Control Cerrado,Cerrado 24 Horas,Condenados (Privados de Libertad 24 Horas),Hombre,1465
31/08/2026,Región de Antofagasta,C.C.P. Antofagasta concesionado,Concesionada,Subsistema Cerrado,Régimen de Control Cerrado,Cerrado 24 Horas,Condenados (Privados de Libertad 24 Horas),Mujer,4
31/08/2026,Región de Coquimbo,C.P. La Serena,Concesionada,Subsistema Cerrado,Régimen de Control Cerrado,Cerrado 24 Horas,Condenados (Privados de Libertad 24 Horas),Hombre,2087
31/08/2026,Región de Coquimbo,C.P. La Serena,Concesionada,Subsistema Cerrado,Régimen de Control Cerrado,Cerrado 24 Horas,Condenados (Privados de Libertad 24 Horas),Mujer,117
31/08/2026,Región del Libertador Bernardo O'Higgins,C.P. Rancagua,Concesionada,Subsistema Cerrado,Régimen de Control Cerrado,Cerrado 24 Horas,Condenados (Privados de Libertad 24 Horas),Hombre,1636
31/08/2026,Región del Libertador Bernardo O'Higgins,C.P. Rancagua,Concesionada,Subsistema Cerrado,Régimen de Control Cerrado,Cerrado 24 Horas,Condenados (Privados de Libertad 24 Horas),Mujer,91
31/08/2026,Región del Maule,C.P. Talca,Concesionada,Subsistema Cerrado,Régimen de Control Cerrado,Cerrado 24 Horas,Condenados (Privados de Libertad 24 Horas),Hombre,1553
31/08/2026,Región del Biobío,C.P. Biobío,Concesionada,Subsistema Cerrado,Régimen de Control Cerrado,Cerrado 24 Horas,Condenados (Privados de Libertad 24 Horas),Hombre,2164
31/08/2026,Región del Biobío,C.P. Biobío,Concesionada,Subsistema Cerrado,Régimen de Control Cerrado,Cerrado 24 Horas,Condenados (Privados de Libertad 24 Horas),Mujer,144
31/08/2026,Región de Los Lagos,C.P. Puerto Montt,Concesionada,Subsistema Cerrado,Régimen de Control Cerrado,Cerrado 24 Horas,Imputados,Hombre,466
31/08/2026,Región de Los Lagos,C.P. Puerto Montt,Concesionada,Subsistema Cerrado,Régimen de Control Cerrado,Cerrado 24 Horas,Imputados,Mujer,41
31/08/2026,Región Metropolitana,C.D.P. Santiago I,Concesionada,Subsistema Cerrado,Régimen de Control Cerrado,Cerrado 24 Horas,Imputados,Hombre,6942
31/08/2026,Región de Los Ríos,C.P. Valdivia,Concesionada,Subsistema Cerrado,Régimen de Control Cerrado,Cerrado 24 Horas,Imputados,Hombre,356
31/08/2026,Región de Los Ríos,C.P. Valdivia,Concesionada,Subsistema Cerrado,Régimen de Control Cerrado,Cerrado 24 Horas,Imputados,Mujer,35
31/08/2026,Región de Tarapacá,C.P. Alto Hospicio,Concesionada,Subsistema Cerrado,Régimen de Control Cerrado,Cerrado 24 Horas,Imputados,Hombre,1024
31/08/2026,Región de Tarapacá,C.P. Alto Hospicio,Concesionada,Subsistema Cerrado,Régimen de Control Cerrado,Cerrado 24 Horas,Imputados,Mujer,300
31/08/2026,Región de Antofagasta,C.C.P. Antofagasta concesionado,Concesionada,Subsistema Cerrado,Régimen de Control Cerrado,Cerrado 24 Horas,Imputados,Hombre,725
31/08/2026,Región de Antofagasta,C.C.P. Antofagasta concesionado,Concesionada,Subsistema Cerrado,Régimen de Control Cerrado,Cerrado 24 Horas,Imputados,Mujer,2
31/08/2026,Región de Coquimbo,C.P. La Serena,Concesionada,Subsistema Cerrado,Régimen de Control Cerrado,Cerrado 24 Horas,Imputados,Hombre,419
31/08/2026,Región de Coquimbo,C.P. La Serena,Concesionada,Subsistema Cerrado,Régimen de Control Cerrado,Cerrado 24 Horas,Imputados,Mujer,33
31/08/2026,Región del Libertador Bernardo O'Higgins,C.P. Rancagua,Concesionada,Subsistema Cerrado,Régimen de Control Cerrado,Cerrado 24 Horas,Imputados,Hombre,982
31/08/2026,Región del Libertador Bernardo O'Higgins,C.P. Rancagua,Concesionada,Subsistema Cerrado,Régimen de Control Cerrado,Cerrado 24 Horas,Imputados,Mujer,94
31/08/2026,Región del Maule,C.P. Talca,Concesionada,Subsistema Cerrado,Régimen de Control Cerrado,Cerrado 24 Horas,Imputados,Hombre,385
31/08/2026,Región del Biobío,C.P. Biobío,Concesionada,Subsistema Cerrado,Régimen de Control Cerrado,Cerrado 24 Horas,Imputados,Hombre,1241
31/08/2026,Región del Biobío,C.P. Biobío,Concesionada,Subsistema Cerrado,Régimen de Control Cerrado,Cerrado 24 Horas,Imputados,Mujer,164
31/08/2026,Región de Los Lagos,C.C.P. Osorno,Tradicional,Subsistema Cerrado,Régimen de Control Cerrado,Cerrado 24 Horas,Imputados,Mujer,9
31/08/2026,Región de Magallanes y la Antártica Chilena,C.D.P. Puerto Natales,Tradicional,Subsistema Cerrado,Régimen de Control Cerrado,Cerrado 24 Horas,Imputados,Mujer,2
31/08/2026,Región de Magallanes y la Antártica Chilena,C.P. Punta Arenas,Tradicional,Subsistema Cerrado,Régimen de Control Cerrado,Cerrado 24 Horas,Imputados,Mujer,24
31/08/2026,Región de Arica y Parinacota,C.P.F. Arica,Tradicional,Subsistema Cerrado,Régimen de Control Cerrado,Cerrado 24 Horas,Imputados,Mujer,70
31/08/2026,Región de Ñuble,C.P.F. Bulnes,Tradicional,Subsistema Cerrado,Régimen de Control Cerrado,Cerrado 24 Horas,Imputados,Mujer,36
31/08/2026,Región de Tarapacá,C.C.P. Iquique,Tradicional,Subsistema Cerrado,Régimen de Control Cerrado,Cerrado 24 Horas,Imputados,Mujer,21
31/08/2026,Región de Atacama,C.C.P. Copiapó,Tradicional,Subsistema Cerrado,Régimen de Control Cerrado,Cerrado 24 Horas,Imputados,Mujer,35
31/08/2026,Región de Atacama,C.D.P. Vallenar,Tradicional,Subsistema Cerrado,Régimen de Control Cerrado,Cerrado 24 Horas,Imputados,Mujer,11
31/08/2026,Región de Coquimbo,C.D.P. Illapel,Tradicional,Subsistema Cerrado,Régimen de Control Cerrado,Cerrado 24 Horas,Imputados,Mujer,6
31/08/2026,Región de Coquimbo,C.D.P. Ovalle,Tradicional,Subsistema Cerrado,Régimen de Control Cerrado,Cerrado 24 Horas,Imputados,Mujer,6
31/08/2026,Región del Libertador Bernardo O'Higgins,C.C.P. Santa Cruz,Tradicional,Subsistema Cerrado,Régimen de Control Cerrado,Cerrado 24 Horas,Imputados,Mujer,7
31/08/2026,Región del Maule,C.C.P. Cauquenes,Tradicional,Subsistema Cerrado,Régimen de Control Cerrado,Cerrado 24 Horas,Imputados,Mujer,9
31/08/2026,Región del Maule,C.P.F. Talca,Tradicional,Subsistema Cerrado,Régimen de Control Cerrado,Cerrado 24 Horas,Imputados,Mujer,95
31/08/2026,Región del Biobío,C.D.P. Arauco,Tradicional,Subsistema Cerrado,Régimen de Control Cerrado,Cerrado 24 Horas,Imputados,Mujer,9
31/08/2026,Región Metropolitana,C.D.P. Santiago Sur,Tradicional,Subsistema Cerrado,Régimen de Control Cerrado,Cerrado 24 Horas,Imputados,Mujer,5
31/08/2026,Región Metropolitana,C.P.F. San Miguel,Tradicional,Subsistema Cerrado,Régimen de Control Cerrado,Cerrado 24 Horas,Imputados,Mujer,1171
31/08/2026,Región Metropolitana,C.P.F. Santiago,Tradicional,Subsistema Cerrado,Régimen de Control Cerrado,Cerrado 24 Horas,Imputados,Mujer,21
31/08/2026,Región de la Araucanía,C.D.P. Angol,Tradicional,Subsistema Cerrado,Régimen de Control Cerrado,Cerrado 24 Horas,Imputados,Mujer,18
31/08/2026,Región de la Araucanía,C.D.P. Villarrica,Tradicional,Subsistema Cerrado,Régimen de Control Cerrado,Cerrado 24 Horas,Imputados,Mujer,16
31/08/2026,Región de la Araucanía,C.P.F. Temuco,Tradicional,Subsistema Cerrado,Régimen de Control Cerrado,Cerrado 24 Horas,Imputados,Mujer,37
31/08/2026,Región de Antofagasta,C.D.P. Calama,Tradicional,Subsistema Cerrado,Régimen de Control Cerrado,Cerrado 24 Horas,Imputados,Mujer,47
31/08/2026,Región de Antofagasta,C.D.P. Tocopilla,Tradicional,Subsistema Cerrado,Régimen de Control Cerrado,Cerrado 24 Horas,Imputados,Mujer,12
31/08/2026,Región de Antofagasta,C.P.F. Antofagasta,Tradicional,Subsistema Cerrado,Régimen de Control Cerrado,Cerrado 24 Horas,Imputados,Mujer,80
31/08/2026,Región de Valparaíso,C.P. Valparaíso,Tradicional,Subsistema Cerrado,Régimen de Control Cerrado,Cerrado 24 Horas,Imputados,Mujer,50
31/08/2026,Región de Valparaíso,C.C.P. Los Andes,Tradicional,Subsistema Cerrado,Régimen de Control Cerrado,Cerrado 24 Horas,Imputados,Mujer,14
31/08/2026,Región de Valparaíso,C.C.P. San Antonio,Tradicional,Subsistema Cerrado,Régimen de Control Cerrado,Cerrado 24 Horas,Imputados,Mujer,27
31/08/2026,Región de Valparaíso,C.D.P. Quillota,Tradicional,Subsistema Cerrado,Régimen de Control Cerrado,Cerrado 24 Horas,Imputados,Mujer,30
31/08/2026,Región de Aysén del General Carlos Ibáñez del Campo,C.C.P. Coyhaique,Tradicional,Subsistema Cerrado,Régimen de Control Cerrado,Cerrado 24 Horas,Imputados,Hombre,38
31/08/2026,Región de Aysén del General Carlos Ibáñez del Campo,C.D.P. Cochrane,Tradicional,Subsistema Cerrado,Régimen de Control Cerrado,Cerrado 24 Horas,Imputados,Hombre,2
31/08/2026,Región de Aysén del General Carlos Ibáñez del Campo,C.D.P. Puerto Aysén,Tradicional,Subsistema Cerrado,Régimen de Control Cerrado,Cerrado 24 Horas,Imputados,Hombre,23
31/08/2026,Región de Ñuble,C.C.P. Chillán,Tradicional,Subsistema Cerrado,Régimen de Control Cerrado,Cerrado 24 Horas,Imputados,Hombre,215
31/08/2026,Región de Ñuble,C.D.P. San Carlos,Tradicional,Subsistema Cerrado,Régimen de Control Cerrado,Cerrado 24 Horas,Imputados,Hombre,25
31/08/2026,Región de Ñuble,C.D.P. Yungay,Tradicional,Subsistema Cerrado,Régimen de Control Cerrado,Cerrado 24 Horas,Imputados,Hombre,31
31/08/2026,Región de Los Lagos,C.C.P. Osorno,Tradicional,Subsistema Cerrado,Régimen de Control Cerrado,Cerrado 24 Horas,Imputados,Hombre,168
31/08/2026,Región de Los Lagos,C.D.P. Ancud,Tradicional,Subsistema Cerrado,Régimen de Control Cerrado,Cerrado 24 Horas,Imputados,Hombre,6
31/08/2026,Región de Los Lagos,C.D.P. Castro,Tradicional,Subsistema Cerrado,Régimen de Control Cerrado,Cerrado 24 Horas,Imputados,Hombre,51
31/08/2026,Región de Antofagasta,C.D.P. Calama,Tradicional,Subsistema Cerrado,Régimen de Control Cerrado,Cerrado 24 Horas,Imputados,Hombre,332
31/08/2026,Región de Antofagasta,C.D.P. Taltal,Tradicional,Subsistema Cerrado,Régimen de Control Cerrado,Cerrado 24 Horas,Imputados,Hombre,19
31/08/2026,Región de Antofagasta,C.D.P. Tocopilla,Tradicional,Subsistema Cerrado,Régimen de Control Cerrado,Cerrado 24 Horas,Imputados,Hombre,72
31/08/2026,Región de Magallanes y la Antártica Chilena,C.D.P. Porvenir,Tradicional,Subsistema Cerrado,Régimen de Control Cerrado,Cerrado 24 Horas,Imputados,Hombre,5
31/08/2026,Región de Magallanes y la Antártica Chilena,C.D.P. Puerto Natales,Tradicional,Subsistema Cerrado,Régimen de Control Cerrado,Cerrado 24 Horas,Imputados,Hombre,20
31/08/2026,Región de Magallanes y la Antártica Chilena,C.P. Punta Arenas,Tradicional,Subsistema Cerrado,Régimen de Control Cerrado,Cerrado 24 Horas,Imputados,Hombre,97
31/08/2026,Región de Atacama,C.C.P. Chañaral,Tradicional,Subsistema Cerrado,Régimen de Control Cerrado,Cerrado 24 Horas,Imputados,Hombre,32
31/08/2026,Región de Atacama,C.C.P. Copiapó,Tradicional,Subsistema Cerrado,Régimen de Control Cerrado,Cerrado 24 Horas,Imputados,Hombre,291
31/08/2026,Región de Atacama,C.D.P. Vallenar,Tradicional,Subsistema Cerrado,Régimen de Control Cerrado,Cerrado 24 Horas,Imputados,Hombre,59
31/08/2026,Región de Arica y Parinacota,C.P. Arica,Tradicional,Subsistema Cerrado,Régimen de Control Cerrado,Cerrado 24 Horas,Imputados,Hombre,437
31/08/2026,Región de Tarapacá,C.D.P. Pozo Almonte,Tradicional,Subsistema Cerrado,Régimen de Control Cerrado,Cerrado 24 Horas,Imputados,Hombre,49
31/08/2026,Región de Coquimbo,C.D.P. Illapel,Tradicional,Subsistema Cerrado,Régimen de Control Cerrado,Cerrado 24 Horas,Imputados,Hombre,66
31/08/2026,Región de Coquimbo,C.D.P. Ovalle,Tradicional,Subsistema Cerrado,Régimen de Control Cerrado,Cerrado 24 Horas,Imputados,Hombre,100
31/08/2026,Región del Libertador Bernardo O'Higgins,C.C.P. Santa Cruz,Tradicional,Subsistema Cerrado,Régimen de Control Cerrado,Cerrado 24 Horas,Imputados,Hombre,82
31/08/2026,Región del Libertador Bernardo O'Higgins,C.D.P. Peumo,Tradicional,Subsistema Cerrado,Régimen de Control Cerrado,Cerrado 24 Horas,Imputados,Hombre,24
31/08/2026,Región del Biobío,C.D.P. Arauco,Tradicional,Subsistema Cerrado,Régimen de Control Cerrado,Cerrado 24 Horas,Imputados,Hombre,47
31/08/2026,Región del Biobío,C.D.P. Lebu,Tradicional,Subsistema Cerrado,Régimen de Control Cerrado,Cerrado 24 Horas,Imputados,Hombre,36
31/08/2026,Región del Biobío,C.D.P. Mulchén,Tradicional,Subsistema Cerrado,Régimen de Control Cerrado,Cerrado 24 Horas,Imputados,Hombre,50
31/08/2026,Región del Biobío,C.D.P. Yumbel,Tradicional,Subsistema Cerrado,Régimen de Control Cerrado,Cerrado 24 Horas,Imputados,Hombre,58
31/08/2026,Región del Maule,C.C.P. Cauquenes,Tradicional,Subsistema Cerrado,Régimen de Control Cerrado,Cerrado 24 Horas,Imputados,Hombre,117
31/08/2026,Región del Maule,C.C.P. Curicó,Tradicional,Subsistema Cerrado,Régimen de Control Cerrado,Cerrado 24 Horas,Imputados,Hombre,261
31/08/2026,Región del Maule,C.C.P. Linares,Tradicional,Subsistema Cerrado,Régimen de Control Cerrado,Cerrado 24 Horas,Imputados,Hombre,137
31/08/2026,Región del Maule,C.C.P. Parral,Tradicional,Subsistema Cerrado,Régimen de Control Cerrado,Cerrado 24 Horas,Imputados,Hombre,82
31/08/2026,Región Metropolitana,C.C.P. Colina II,Tradicional,Subsistema Cerrado,Régimen de Control Cerrado,Cerrado 24 Horas,Imputados,Hombre,610
31/08/2026,Región Metropolitana,C.D.P. Puente Alto,Tradicional,Subsistema Cerrado,Régimen de Control Cerrado,Cerrado 24 Horas,Imputados,Hombre,812
31/08/2026,Región Metropolitana,C.D.P. Santiago Sur,Tradicional,Subsistema Cerrado,Régimen de Control Cerrado,Cerrado 24 Horas,Imputados,Hombre,463
31/08/2026,Región Metropolitana,C.D.P. Talagante,Tradicional,Subsistema Cerrado,Régimen de Control Cerrado,Cerrado 24 Horas,Imputados,Hombre,260
31/08/2026,Región Metropolitana,R.E.P.A.S.,Tradicional,Subsistema Cerrado,Régimen de Control Cerrado,Cerrado 24 Horas,Imputados,Hombre,67
31/08/2026,Región de Valparaíso,C.P. Valparaíso,Tradicional,Subsistema Cerrado,Régimen de Control Cerrado,Cerrado 24 Horas,Imputados,Hombre,765
31/08/2026,Región de Valparaíso,C.C.P. Los Andes,Tradicional,Subsistema Cerrado,Régimen de Control Cerrado,Cerrado 24 Horas,Imputados,Hombre,139
31/08/2026,Región de Valparaíso,C.C.P. San Antonio,Tradicional,Subsistema Cerrado,Régimen de Control Cerrado,Cerrado 24 Horas,Imputados,Hombre,168
31/08/2026,Región de Valparaíso,C.D.P. Casablanca,Tradicional,Subsistema Cerrado,Régimen de Control Cerrado,Cerrado 24 Horas,Imputados,Hombre,22
31/08/2026,Región de Valparaíso,C.D.P. Limache,Tradicional,Subsistema Cerrado,Régimen de Control Cerrado,Cerrado 24 Horas,Imputados,Hombre,38
31/08/2026,Región de Valparaíso,C.D.P. Petorca,Tradicional,Subsistema Cerrado,Régimen de Control Cerrado,Cerrado 24 Horas,Imputados,Hombre,15
31/08/2026,Región de Valparaíso,C.D.P. Quillota,Tradicional,Subsistema Cerrado,Régimen de Control Cerrado,Cerrado 24 Horas,Imputados,Hombre,192
31/08/2026,Región de Valparaíso,S.C. Isla de Pascua,Tradicional,Subsistema Cerrado,Régimen de Control Cerrado,Cerrado 24 Horas,Imputados,Hombre,14
31/08/2026,Región de la Araucanía,C.C.P. Lautaro,Tradicional,Subsistema Cerrado,Régimen de Control Cerrado,Cerrado 24 Horas,Imputados,Hombre,44
31/08/2026,Región de la Araucanía,C.C.P. Nueva Imperial,Tradicional,Subsistema Cerrado,Régimen de Control Cerrado,Cerrado 24 Horas,Imputados,Hombre,46
31/08/2026,Región de la Araucanía,C.C.P. Temuco,Tradicional,Subsistema Cerrado,Régimen de Control Cerrado,Cerrado 24 Horas,Imputados,Hombre,360
31/08/2026,Región de la Araucanía,C.C.P. Victoria,Tradicional,Subsistema Cerrado,Régimen de Control Cerrado,Cerrado 24 Horas,Imputados,Hombre,36
31/08/2026,Región de la Araucanía,C.D.P. Angol,Tradicional,Subsistema Cerrado,Régimen de Control Cerrado,Cerrado 24 Horas,Imputados,Hombre,141
31/08/2026,Región de la Araucanía,C.D.P. Curacautín,Tradicional,Subsistema Cerrado,Régimen de Control Cerrado,Cerrado 24 Horas,Imputados,Hombre,23
31/08/2026,Región de la Araucanía,C.D.P. Pitrufquén,Tradicional,Subsistema Cerrado,Régimen de Control Cerrado,Cerrado 24 Horas,Imputados,Hombre,43
31/08/2026,Región de la Araucanía,C.D.P. Traiguén,Tradicional,Subsistema Cerrado,Régimen de Control Cerrado,Cerrado 24 Horas,Imputados,Hombre,40
31/08/2026,Región de la Araucanía,C.D.P. Villarrica,Tradicional,Subsistema Cerrado,Régimen de Control Cerrado,Cerrado 24 Horas,Imputados,Hombre,108
31/08/2026,Región de Valparaíso,C.P. Valparaíso,Tradicional,Subsistema Cerrado,Régimen de Control Cerrado,Cerrado 24 Horas,Detenidos,Hombre,24
31/08/2026,Región de Los Lagos,C.P. Puerto Montt,Concesionada,Subsistema Cerrado,Régimen de Control Cerrado,Cerrado 24 Horas,Detenidos,Hombre,5
31/08/2026,Región Metropolitana,C.C.P. Colina II,Tradicional,Subsistema Cerrado,Régimen de Control Cerrado,Cerrado 24 Horas,Detenidos,Hombre,20
31/08/2026,Región Metropolitana,C.P.F. San Miguel,Tradicional,Subsistema Cerrado,Régimen de Control Cerrado,Cerrado 24 Horas,Detenidos,Mujer,19
31/08/2026,Región de Tarapacá,C.P. Alto Hospicio,Concesionada,Subsistema Cerrado,Régimen de Control Cerrado,Cerrado 24 Horas,Detenidos,Hombre,12
31/08/2026,Región de Antofagasta,C.C.P. Antofagasta concesionado,Concesionada,Subsistema Cerrado,Régimen de Control Cerrado,Cerrado 24 Horas,Detenidos,Hombre,8
31/08/2026,Región de Atacama,C.C.P. Copiapó,Tradicional,Subsistema Cerrado,Régimen de Control Cerrado,Cerrado 24 Horas,Detenidos,Hombre,10
31/08/2026,Región de Valparaíso,C.C.P. Los Andes,Tradicional,Subsistema Cerrado,Régimen de Control Cerrado,Cerrado 24 Horas,Detenidos,Hombre,14
31/08/2026,Región del Libertador Bernardo O'Higgins,C.P. Rancagua,Concesionada,Subsistema Cerrado,Régimen de Control Cerrado,Cerrado 24 Horas,Detenidos,Hombre,10
31/08/2026,Región del Maule,C.P. Talca,Concesionada,Subsistema Cerrado,Régimen de Control Cerrado,Cerrado 24 Horas,Detenidos,Hombre,8
31/08/2026,Región del Biobío,C.P. Biobío,Concesionada,Subsistema Cerrado,Régimen de Control Cerrado,Cerrado 24 Horas,Detenidos,Hombre,21
31/08/2026,Región de Los Ríos,C.P. Valdivia,Concesionada,Subsistema Cerrado,Régimen de Control Cerrado,Cerrado 24 Horas,Detenidos,Hombre,3
31/08/2026,Región de Tarapacá,C.P. Alto Hospicio,Concesionada,Subsistema Cerrado,Régimen de Control Cerrado,Cerrado 24 Horas,Detenidos,Mujer,3
31/08/2026,Región del Libertador Bernardo O'Higgins,C.P. Rancagua,Concesionada,Subsistema Cerrado,Régimen de Control Cerrado,Cerrado 24 Horas,Detenidos,Mujer,3
31/08/2026,Región del Maule,C.C.P. Talca,Tradicional,Subsistema Cerrado,Régimen de Control Cerrado,Cerrado 24 Horas,Detenidos,Hombre,3
31/08/2026,Región del Biobío,C.P. Biobío,Concesionada,Subsistema Cerrado,Régimen de Control Cerrado,Cerrado 24 Horas,Detenidos,Mujer,3
31/08/2026,Región de Los Lagos,C.C.P. Osorno,Tradicional,Subsistema Cerrado,Régimen de Control Cerrado,Cerrado 24 Horas,Detenidos,Hombre,2
31/08/2026,Región de Atacama,C.C.P. Chañaral,Tradicional,Subsistema Cerrado,Régimen de Control Cerrado,Cerrado 24 Horas,Detenidos,Hombre,2
31/08/2026,Región de Coquimbo,C.P. La Serena,Concesionada,Subsistema Cerrado,Régimen de Control Cerrado,Cerrado 24 Horas,Detenidos,Hombre,2
31/08/2026,Región de Los Lagos,C.C.P. Osorno,Tradicional,Subsistema Cerrado,Régimen de Control Cerrado,Cerrado 24 Horas,Condenados (Falta),Mujer,2
31/08/2026,Región Metropolitana,C.D.P. Talagante,Tradicional,Subsistema Cerrado,Régimen de Control Cerrado,Cerrado 24 Horas,Condenados (Falta),Hombre,2
31/08/2026,Región de Los Ríos,C.P. Valdivia,Concesionada,Subsistema Cerrado,Régimen de Control Cerrado,Cerrado 24 Horas,Condenados (Falta),Hombre,2
31/08/2026,Región de Arica y Parinacota,C.P. Arica,Tradicional,Subsistema Cerrado,Régimen de Control Cerrado,Cerrado 24 Horas,Condenados (Falta),Hombre,2
31/08/2026,Región de Atacama,C.C.P. Copiapó,Tradicional,Subsistema Cerrado,Régimen de Control Cerrado,Cerrado 24 Horas,Condenados (Falta),Mujer,2
31/08/2026,Región de Los Lagos,C.C.P. Osorno,Tradicional,Subsistema Cerrado,Régimen de Control Cerrado,Cerrado 24 Horas,Condenados (Falta),Hombre,6
31/08/2026,Región Metropolitana,C.D.P. Puente Alto,Tradicional,Subsistema Cerrado,Régimen de Control Cerrado,Cerrado 24 Horas,Condenados (Falta),Hombre,15
31/08/2026,Región Metropolitana,C.D.P. Santiago Sur,Tradicional,Subsistema Cerrado,Régimen de Control Cerrado,Cerrado 24 Horas,Condenados (Falta),Hombre,520
31/08/2026,Región Metropolitana,C.P.F. Santiago,Tradicional,Subsistema Cerrado,Régimen de Control Cerrado,Cerrado 24 Horas,Condenados (Falta),Mujer,13
31/08/2026,Región de Atacama,C.C.P. Copiapó,Tradicional,Subsistema Cerrado,Régimen de Control Cerrado,Cerrado 24 Horas,Condenados (Falta),Hombre,31
31/08/2026,Región de Coquimbo,C.D.P. Illapel,Tradicional,Subsistema Cerrado,Régimen de Control Cerrado,Cerrado 24 Horas,Condenados (Falta),Hombre,4
31/08/2026,Región de Coquimbo,C.D.P. Ovalle,Tradicional,Subsistema Cerrado,Régimen de Control Cerrado,Cerrado 24 Horas,Condenados (Falta),Hombre,3
31/08/2026,Región de Coquimbo,C.P. La Serena,Concesionada,Subsistema Cerrado,Régimen de Control Cerrado,Cerrado 24 Horas,Condenados (Falta),Hombre,10
31/08/2026,Región de Coquimbo,C.P. La Serena,Concesionada,Subsistema Cerrado,Régimen de Control Cerrado,Cerrado 24 Horas,Condenados (Falta),Mujer,3
31/08/2026,Región de la Araucanía,C.C.P. Temuco,Tradicional,Subsistema Cerrado,Régimen de Control Cerrado,Cerrado 24 Horas,Condenados (Falta),Hombre,13
31/08/2026,Región de Los Lagos,C.P. Puerto Montt,Concesionada,Subsistema Cerrado,Régimen de Control Cerrado,Cerrado 24 Horas,Expulsión (Ley N°20.603),Hombre,2
31/08/2026,Región Metropolitana,C.D.P. Puente Alto,Tradicional,Subsistema Cerrado,Régimen de Control Cerrado,Cerrado 24 Horas,Expulsión (Ley N°20.603),Hombre,24
31/08/2026,Región Metropolitana,C.P.F. San Miguel,Tradicional,Subsistema Cerrado,Régimen de Control Cerrado,Cerrado 24 Horas,Expulsión (Ley N°20.603),Mujer,3
31/08/2026,Región de Tarapacá,C.P. Alto Hospicio,Concesionada,Subsistema Cerrado,Régimen de Control Cerrado,Cerrado 24 Horas,Expulsión (Ley N°20.603),Hombre,11
31/08/2026,Región de Antofagasta,C.D.P. Calama,Tradicional,Subsistema Cerrado,Régimen de Control Cerrado,Cerrado 24 Horas,Expulsión (Ley N°20.603),Hombre,8
31/08/2026,Región de Antofagasta,C.C.P. Antofagasta concesionado,Concesionada,Subsistema Cerrado,Régimen de Control Cerrado,Cerrado 24 Horas,Expulsión (Ley N°20.603),Hombre,13
31/08/2026,Región de Atacama,C.C.P. Copiapó,Tradicional,Subsistema Cerrado,Régimen de Control Cerrado,Cerrado 24 Horas,Expulsión (Ley N°20.603),Hombre,3
31/08/2026,Región de Coquimbo,C.P. La Serena,Concesionada,Subsistema Cerrado,Régimen de Control Cerrado,Cerrado 24 Horas,Expulsión (Ley N°20.603),Hombre,2
31/08/2026,Región del Maule,C.C.P. Curicó,Tradicional,Subsistema Cerrado,Régimen de Control Cerrado,Cerrado 24 Horas,Expulsión (Ley N°20.603),Hombre,2
31/08/2026,Región de Valparaíso,C.P. Valparaíso,Tradicional,Subsistema Cerrado,Régimen de Control Cerrado,Cerrado 24 Horas,Condenados en Sección Juvenil,Hombre,13
31/08/2026,Región de Los Lagos,C.P. Puerto Montt,Concesionada,Subsistema Cerrado,Régimen de Control Cerrado,Cerrado 24 Horas,Condenados en Sección Juvenil,Hombre,5
31/08/2026,Región de Arica y Parinacota,C.P. Arica,Tradicional,Subsistema Cerrado,Régimen de Control Cerrado,Cerrado 24 Horas,Condenados en Sección Juvenil,Hombre,5
31/08/2026,Región de Antofagasta,C.C.P. Antofagasta concesionado,Concesionada,Subsistema Cerrado,Régimen de Control Cerrado,Cerrado 24 Horas,Condenados en Sección Juvenil,Hombre,12
31/08/2026,Región de Coquimbo,C.P. La Serena,Concesionada,Subsistema Cerrado,Régimen de Control Cerrado,Cerrado 24 Horas,Condenados en Sección Juvenil,Hombre,8
31/08/2026,Región del Libertador Bernardo O'Higgins,C.C.P. Rengo,Tradicional,Subsistema Cerrado,Régimen de Control Cerrado,Cerrado 24 Horas,Condenados en Sección Juvenil,Hombre,9
31/08/2026,Región del Maule,C.C.P. Cauquenes,Tradicional,Subsistema Cerrado,Régimen de Control Cerrado,Cerrado 24 Horas,Condenados en Sección Juvenil,Hombre,12
31/08/2026,Región Metropolitana,C.C.P. Colina I,Tradicional,Subsistema Cerrado,Régimen de Control Cerrado,Cerrado 24 Horas,Procesados,Hombre,12
31/08/2026,Región Metropolitana,C.D.P. Santiago Sur,Tradicional,Subsistema Cerrado,Régimen de Control Cerrado,Cerrado 24 Horas,Procesados,Hombre,6
31/08/2026,Región Metropolitana,C.D.P. Santiago Sur,Tradicional,Subsistema Cerrado,Régimen de Control Cerrado,Cerrado 24 Horas,Procesados,Mujer,3
31/08/2026,Región Metropolitana,C.E.T. Femenino Semiabierto Santiago,Tradicional,Subsistema Cerrado,Régimen de Control Semiabierto,Condenados (C.E.T.),Condenados en C.E.T. Semiabierto,Mujer,59
31/08/2026,Región de Los Ríos,C.E.T. Valdivia,Tradicional,Subsistema Cerrado,Régimen de Control Semiabierto,Condenados (C.E.T.),Condenados en C.E.T. Semiabierto,Mujer,7
31/08/2026,Región de Arica y Parinacota,C.E.T. Arica,Tradicional,Subsistema Cerrado,Régimen de Control Semiabierto,Condenados (C.E.T.),Condenados en C.E.T. Semiabierto,Mujer,15
31/08/2026,Región de Ñuble,C.E.T. San Carlos,Tradicional,Subsistema Cerrado,Régimen de Control Semiabierto,Condenados (C.E.T.),Condenados en C.E.T. Semiabierto,Mujer,4
31/08/2026,Región de Antofagasta,C.E.T. Antofagasta,Tradicional,Subsistema Cerrado,Régimen de Control Semiabierto,Condenados (C.E.T.),Condenados en C.E.T. Semiabierto,Mujer,15
31/08/2026,Región de Valparaíso,C.E.T. C.P. Valparaíso,Tradicional,Subsistema Cerrado,Régimen de Control Semiabierto,Condenados (C.E.T.),Condenados en C.E.T. Semiabierto,Mujer,10
31/08/2026,Región del Biobío,C.E.T. Concepción,Tradicional,Subsistema Cerrado,Régimen de Control Semiabierto,Condenados (C.E.T.),Condenados en C.E.T. Semiabierto,Mujer,12
31/08/2026,Región de la Araucanía,C.E.T. Vilcún,Tradicional,Subsistema Cerrado,Régimen de Control Semiabierto,Condenados (C.E.T.),Condenados en C.E.T. Semiabierto,Mujer,5
31/08/2026,Región de Los Lagos,C.E.T. Osorno,Tradicional,Subsistema Cerrado,Régimen de Control Semiabierto,Condenados (C.E.T.),Condenados en C.E.T. Semiabierto,Hombre,75
31/08/2026,Región de Aysén del General Carlos Ibáñez del Campo,C.E.T. Valle Verde,Tradicional,Subsistema Cerrado,Régimen de Control Semiabierto,Condenados (C.E.T.),Condenados en C.E.T. Semiabierto,Hombre,14
31/08/2026,Región de Magallanes y la Antártica Chilena,C.E.T. Punta Arenas,Tradicional,Subsistema Cerrado,Régimen de Control Semiabierto,Condenados (C.E.T.),Condenados en C.E.T. Semiabierto,Hombre,25
31/08/2026,Región Metropolitana,C.E.T. Metropolitano,Tradicional,Subsistema Cerrado,Régimen de Control Semiabierto,Condenados (C.E.T.),Condenados en C.E.T. Semiabierto,Hombre,64
31/08/2026,Región de Los Ríos,C.E.T. Valdivia,Tradicional,Subsistema Cerrado,Régimen de Control Semiabierto,Condenados (C.E.T.),Condenados en C.E.T. Semiabierto,Hombre,31
31/08/2026,Región de Arica y Parinacota,C.E.T. Arica,Tradicional,Subsistema Cerrado,Régimen de Control Semiabierto,Condenados (C.E.T.),Condenados en C.E.T. Semiabierto,Hombre,55
31/08/2026,Región de Ñuble,C.E.T. San Carlos,Tradicional,Subsistema Cerrado,Régimen de Control Semiabierto,Condenados (C.E.T.),Condenados en C.E.T. Semiabierto,Hombre,27
31/08/2026,Región de Ñuble,C.E.T. Yungay,Tradicional,Subsistema Cerrado,Régimen de Control Semiabierto,Condenados (C.E.T.),Condenados en C.E.T. Semiabierto,Hombre,29
31/08/2026,Región de Tarapacá,C.E.T. Semiabierto Pozo Almonte,Tradicional,Subsistema Cerrado,Régimen de Control Semiabierto,Condenados (C.E.T.),Condenados en C.E.T. Semiabierto,Hombre,17
31/08/2026,Región de Antofagasta,C.E.T. Antofagasta,Tradicional,Subsistema Cerrado,Régimen de Control Semiabierto,Condenados (C.E.T.),Condenados en C.E.T. Semiabierto,Hombre,26
31/08/2026,Región del Maule,C.E.T. Talca,Tradicional,Subsistema Cerrado,Régimen de Control Semiabierto,Condenados (C.E.T.),Condenados en C.E.T. Semiabierto,Hombre,43
31/08/2026,Región del Biobío,C.E.T. Cañete,Tradicional,Subsistema Cerrado,Régimen de Control Semiabierto,Condenados (C.E.T.),Condenados en C.E.T. Semiabierto,Hombre,25
31/08/2026,Región del Biobío,C.E.T. Concepción,Tradicional,Subsistema Cerrado,Régimen de Control Semiabierto,Condenados (C.E.T.),Condenados en C.E.T. Semiabierto,Hombre,63
31/08/2026,Región de Valparaíso,C.E.T. C.P. Valparaíso,Tradicional,Subsistema Cerrado,Régimen de Control Semiabierto,Condenados (C.E.T.),Condenados en C.E.T. Semiabierto,Hombre,56
31/08/2026,Región de Valparaíso,C.E.T. Putaendo,Tradicional,Subsistema Cerrado,Régimen de Control Semiabierto,Condenados (C.E.T.),Condenados en C.E.T. Semiabierto,Hombre,34
31/08/2026,Región de Valparaíso,C.E.T. Valparaíso,Tradicional,Subsistema Cerrado,Régimen de Control Semiabierto,Condenados (C.E.T.),Condenados en C.E.T. Semiabierto,Hombre,31
31/08/2026,Región de la Araucanía,C.E.T. Angol,Tradicional,Subsistema Cerrado,Régimen de Control Semiabierto,Condenados (C.E.T.),Condenados en C.E.T. Semiabierto,Hombre,28
31/08/2026,Región de la Araucanía,C.E.T. Victoria,Tradicional,Subsistema Cerrado,Régimen de Control Semiabierto,Condenados (C.E.T.),Condenados en C.E.T. Semiabierto,Hombre,21
31/08/2026,Región de la Araucanía,C.E.T. Vilcún,Tradicional,Subsistema Cerrado,Régimen de Control Semiabierto,Condenados (C.E.T.),Condenados en C.E.T. Semiabierto,Hombre,38
31/08/2026,Región de Los Lagos,C.A.I.S. Puerto Montt,Tradicional,Subsistema Postpenitenciario,Régimen de Control Postpenitenciario,Postpenitenciario,Oficina de Diagnóstico Prontuarial,Hombre,20
31/08/2026,Región de Magallanes y la Antártica Chilena,C.A.I.S. Punta Arenas,Tradicional,Subsistema Postpenitenciario,Régimen de Control Postpenitenciario,Postpenitenciario,Oficina de Diagnóstico Prontuarial,Hombre,16
31/08/2026,Región de Magallanes y la Antártica Chilena,C.D.P. Puerto Natales,Tradicional,Subsistema Postpenitenciario,Régimen de Control Postpenitenciario,Postpenitenciario,Oficina de Diagnóstico Prontuarial,Hombre,6
31/08/2026,Región Metropolitana,C.A.I.S. Santiago,Tradicional,Subsistema Postpenitenciario,Régimen de Control Postpenitenciario,Postpenitenciario,Oficina de Diagnóstico Prontuarial,Hombre,61
31/08/2026,Región Metropolitana,C.A.I.S. Santiago,Tradicional,Subsistema Postpenitenciario,Régimen de Control Postpenitenciario,Postpenitenciario,Oficina de Diagnóstico Prontuarial,Mujer,6
31/08/2026,Región de Arica y Parinacota,C.A.I.S. Arica,Tradicional,Subsistema Postpenitenciario,Régimen de Control Postpenitenciario,Postpenitenciario,Oficina de Diagnóstico Prontuarial,Hombre,24
31/08/2026,Región de Ñuble,C.A.I.S. Chillán,Tradicional,Subsistema Postpenitenciario,Régimen de Control Postpenitenciario,Postpenitenciario,Oficina de Diagnóstico Prontuarial,Hombre,12
31/08/2026,Región de Antofagasta,C.A.I.S. Antofagasta,Tradicional,Subsistema Postpenitenciario,Régimen de Control Postpenitenciario,Postpenitenciario,Oficina de Diagnóstico Prontuarial,Hombre,7
31/08/2026,Región de Antofagasta,C.A.I.S. Antofagasta,Tradicional,Subsistema Postpenitenciario,Régimen de Control Postpenitenciario,Postpenitenciario,Oficina de Diagnóstico Prontuarial,Mujer,4
31/08/2026,Región de Valparaíso,C.A.I.S. Los Andes,Tradicional,Subsistema Postpenitenciario,Régimen de Control Postpenitenciario,Postpenitenciario,Oficina de Diagnóstico Prontuarial,Hombre,7
31/08/2026,Región de Valparaíso,C.A.I.S. Valparaíso,Tradicional,Subsistema Postpenitenciario,Régimen de Control Postpenitenciario,Postpenitenciario,Oficina de Diagnóstico Prontuarial,Hombre,315
31/08/2026,Región de Valparaíso,C.A.I.S. Valparaíso,Tradicional,Subsistema Postpenitenciario,Régimen de Control Postpenitenciario,Postpenitenciario,Oficina de Diagnóstico Prontuarial,Mujer,65
31/08/2026,Región de Valparaíso,C.R.S. Quillota,Tradicional,Subsistema Postpenitenciario,Régimen de Control Postpenitenciario,Postpenitenciario,Oficina de Diagnóstico Prontuarial,Hombre,7
31/08/2026,Región del Libertador Bernardo O'Higgins,C.A.I.S. Rancagua,Tradicional,Subsistema Postpenitenciario,Régimen de Control Postpenitenciario,Postpenitenciario,Oficina de Diagnóstico Prontuarial,Hombre,85
31/08/2026,Región del Libertador Bernardo O'Higgins,C.A.I.S. Rancagua,Tradicional,Subsistema Postpenitenciario,Régimen de Control Postpenitenciario,Postpenitenciario,Oficina de Diagnóstico Prontuarial,Mujer,10
31/08/2026,Región del Libertador Bernardo O'Higgins,C.A.I.S. Rengo,Tradicional,Subsistema Postpenitenciario,Régimen de Control Postpenitenciario,Postpenitenciario,Oficina de Diagnóstico Prontuarial,Hombre,54
31/08/2026,Región del Libertador Bernardo O'Higgins,C.A.I.S. Rengo,Tradicional,Subsistema Postpenitenciario,Régimen de Control Postpenitenciario,Postpenitenciario,Oficina de Diagnóstico Prontuarial,Mujer,9
31/08/2026,Región del Maule,C.A.I.S. Linares,Tradicional,Subsistema Postpenitenciario,Régimen de Control Postpenitenciario,Postpenitenciario,Oficina de Diagnóstico Prontuarial,Hombre,48
31/08/2026,Región del Maule,C.A.I.S. Linares,Tradicional,Subsistema Postpenitenciario,Régimen de Control Postpenitenciario,Postpenitenciario,Oficina de Diagnóstico Prontuarial,Mujer,9
31/08/2026,Región del Maule,C.A.I.S. Talca,Tradicional,Subsistema Postpenitenciario,Régimen de Control Postpenitenciario,Postpenitenciario,Oficina de Diagnóstico Prontuarial,Hombre,19
31/08/2026,Región del Biobío,C.A.I.S. Concepción,Tradicional,Subsistema Postpenitenciario,Régimen de Control Postpenitenciario,Postpenitenciario,Oficina de Diagnóstico Prontuarial,Hombre,6
31/08/2026,Región del Biobío,C.A.I.S. Los Ángeles,Tradicional,Subsistema Postpenitenciario,Régimen de Control Postpenitenciario,Postpenitenciario,Oficina de Diagnóstico Prontuarial,Hombre,7
31/08/2026,Región de la Araucanía,C.A.I.S. Temuco,Tradicional,Subsistema Postpenitenciario,Régimen de Control Postpenitenciario,Postpenitenciario,Oficina de Diagnóstico Prontuarial,Hombre,53
31/08/2026,Región de la Araucanía,C.A.I.S. Temuco,Tradicional,Subsistema Postpenitenciario,Régimen de Control Postpenitenciario,Postpenitenciario,Oficina de Diagnóstico Prontuarial,Mujer,10
31/08/2026,Región de Los Lagos,C.A.I.S. Puerto Montt,Tradicional,Subsistema Postpenitenciario,Régimen de Control Postpenitenciario,Postpenitenciario,Oficina de Diagnóstico Prontuarial,Mujer,5
31/08/2026,Región del Maule,C.A.I.S. Talca,Tradicional,Subsistema Postpenitenciario,Régimen de Control Postpenitenciario,Postpenitenciario,Oficina de Diagnóstico Prontuarial,Mujer,5
31/08/2026,Región Metropolitana,C.R.S. Santiago Occidente,Tradicional,Subsistema Abierto,Régimen de Control Abierto,Medidas Alternativa a la Reclusión,Remisión Condicional de la Pena (Medida Alternativa),Hombre,13
31/08/2026,Región Metropolitana,C.R.S. Santiago Occidente,Tradicional,Subsistema Abierto,Régimen de Control Abierto,Medidas Alternativa a la Reclusión,Remisión Condicional de la Pena (Medida Alternativa),Mujer,8
31/08/2026,Región Metropolitana,C.R.S. Santiago Sur II,Tradicional,Subsistema Abierto,Régimen de Control Abierto,Medidas Alternativa a la Reclusión,Remisión Condicional de la Pena (Medida Alternativa),Hombre,7
31/08/2026,Región de Los Ríos,C.R.S. Valdivia,Tradicional,Subsistema Abierto,Régimen de Control Abierto,Medidas Alternativa a la Reclusión,Remisión Condicional de la Pena (Medida Alternativa),Hombre,7
31/08/2026,Región de Antofagasta,C.R.S. Antofagasta,Tradicional,Subsistema Abierto,Régimen de Control Abierto,Medidas Alternativa a la Reclusión,Remisión Condicional de la Pena (Medida Alternativa),Hombre,6
31/08/2026,Región de Valparaíso,C.D.P. Casablanca,Tradicional,Subsistema Abierto,Régimen de Control Abierto,Medidas Alternativa a la Reclusión,Remisión Condicional de la Pena (Medida Alternativa),Hombre,19
31/08/2026,Región de Valparaíso,S.C. Isla de Pascua,Tradicional,Subsistema Abierto,Régimen de Control Abierto,Medidas Alternativa a la Reclusión,Remisión Condicional de la Pena (Medida Alternativa),Hombre,12
31/08/2026,Región de Valparaíso,C.R.S. Quillota,Tradicional,Subsistema Abierto,Régimen de Control Abierto,Medidas Alternativa a la Reclusión,Remisión Condicional de la Pena (Medida Alternativa),Hombre,15
31/08/2026,Región de Valparaíso,C.R.S. Valparaíso,Tradicional,Subsistema Abierto,Régimen de Control Abierto,Medidas Alternativa a la Reclusión,Remisión Condicional de la Pena (Medida Alternativa),Hombre,102
31/08/2026,Región de Valparaíso,C.R.S. Valparaíso,Tradicional,Subsistema Abierto,Régimen de Control Abierto,Medidas Alternativa a la Reclusión,Remisión Condicional de la Pena (Medida Alternativa),Mujer,14
31/08/2026,Región de la Araucanía,C.D.P. Pitrufquén,Tradicional,Subsistema Abierto,Régimen de Control Abierto,Medidas Alternativa a la Reclusión,Remisión Condicional de la Pena (Medida Alternativa),Hombre,14
31/08/2026,Región de Los Lagos,C.C.P. Osorno,Tradicional,Subsistema Cerrado,Régimen de Control Abierto,Apremios,Condenados (Arresto Nocturno),Hombre,18
31/08/2026,Región de Los Lagos,C.P. Puerto Montt,Concesionada,Subsistema Cerrado,Régimen de Control Abierto,Apremios,Condenados (Arresto Nocturno),Hombre,23
31/08/2026,Región Metropolitana,C.R.A. Manuel Rodríguez,Tradicional,Subsistema Cerrado,Régimen de Control Abierto,Apremios,Condenados (Arresto Nocturno),Hombre,57
31/08/2026,Región de Atacama,C.C.P. Copiapó,Tradicional,Subsistema Cerrado,Régimen de Control Abierto,Apremios,Condenados (Arresto Nocturno),Hombre,7
31/08/2026,Región del Libertador Bernardo O'Higgins,C.P. Rancagua,Concesionada,Subsistema Cerrado,Régimen de Control Abierto,Apremios,Condenados (Arresto Nocturno),Hombre,12
31/08/2026,Región del Biobío,C.D.P. Yumbel,Tradicional,Subsistema Cerrado,Régimen de Control Abierto,Apremios,Condenados (Arresto Nocturno),Hombre,6
31/08/2026,Región de la Araucanía,C.C.P. Lautaro,Tradicional,Subsistema Cerrado,Régimen de Control Abierto,Apremios,Condenados (Arresto Nocturno),Hombre,8
31/08/2026,Región de la Araucanía,C.C.P. Temuco,Tradicional,Subsistema Cerrado,Régimen de Control Abierto,Apremios,Condenados (Arresto Nocturno),Hombre,13
31/08/2026,Región de la Araucanía,C.D.P. Pitrufquén,Tradicional,Subsistema Cerrado,Régimen de Control Abierto,Apremios,Condenados (Arresto Nocturno),Hombre,6
31/08/2026,Región de la Araucanía,C.D.P. Villarrica,Tradicional,Subsistema Cerrado,Régimen de Control Abierto,Apremios,Condenados (Arresto Nocturno),Hombre,8
31/08/2026,Región de Los Lagos,C.C.P. Osorno,Tradicional,Subsistema Cerrado,Régimen de Control Abierto,Beneficios de Reinserción,Salida Controlada al Medio Libre,Hombre,6
31/08/2026,Región de Magallanes y la Antártica Chilena,C.P. Punta Arenas,Tradicional,Subsistema Cerrado,Régimen de Control Abierto,Beneficios de Reinserción,Salida Controlada al Medio Libre,Hombre,12
31/08/2026,Región Metropolitana,C.C.P. Colina I,Tradicional,Subsistema Cerrado,Régimen de Control Abierto,Beneficios de Reinserción,Salida Controlada al Medio Libre,Hombre,31
31/08/2026,Región Metropolitana,C.D.P. Puente Alto,Tradicional,Subsistema Cerrado,Régimen de Control Abierto,Beneficios de Reinserción,Salida Controlada al Medio Libre,Hombre,8
31/08/2026,Región Metropolitana,C.R.A. Manuel Rodríguez,Tradicional,Subsistema Cerrado,Régimen de Control Abierto,Beneficios de Reinserción,Salida Controlada al Medio Libre,Hombre,9
31/08/2026,Región de Atacama,C.C.P. Chañaral,Tradicional,Subsistema Cerrado,Régimen de Control Abierto,Beneficios de Reinserción,Salida Controlada al Medio Libre,Hombre,6
31/08/2026,Región de Atacama,C.C.P. Copiapó,Tradicional,Subsistema Cerrado,Régimen de Control Abierto,Beneficios de Reinserción,Salida Controlada al Medio Libre,Hombre,11
31/08/2026,Región del Libertador Bernardo O'Higgins,C.D.P. Peumo,Tradicional,Subsistema Cerrado,Régimen de Control Abierto,Beneficios de Reinserción,Salida Controlada al Medio Libre,Hombre,6
31/08/2026,Región del Maule,C.C.P. Curicó,Tradicional,Subsistema Cerrado,Régimen de Control Abierto,Beneficios de Reinserción,Salida Controlada al Medio Libre,Hombre,9
31/08/2026,Región Metropolitana,C.R.S. Santiago Norte,Tradicional,Subsistema Abierto,Régimen de Control Abierto,Medidas Alternativa a la Reclusión,Libertad Vigilada del Adulto,Hombre,24
31/08/2026,Región Metropolitana,C.R.S. Santiago Occidente,Tradicional,Subsistema Abierto,Régimen de Control Abierto,Medidas Alternativa a la Reclusión,Libertad Vigilada del Adulto,Hombre,14
31/08/2026,Región Metropolitana,C.R.S. Santiago Oriente,Tradicional,Subsistema Abierto,Régimen de Control Abierto,Medidas Alternativa a la Reclusión,Libertad Vigilada del Adulto,Mujer,7
31/08/2026,Región de la Araucanía,C.D.P. Angol,Tradicional,Subsistema Abierto,Régimen de Control Abierto,Medidas Alternativa a la Reclusión,Reclusión Nocturna,Hombre,7
31/08/2026,Región de la Araucanía,C.D.P. Villarrica,Tradicional,Subsistema Abierto,Régimen de Control Abierto,Medidas Alternativa a la Reclusión,Reclusión Nocturna,Hombre,6
31/08/2026,Región de Arica y Parinacota,C.R.S. Arica,Tradicional,Subsistema Abierto,Régimen de Control Abierto,Ley 21.378 Medida Cautelar Especial VIF con MT,Medida Cautelar Ofensor por VIF con MT,Hombre,7
31/08/2026,Región de Atacama,C.R.S. Copiapó,Tradicional,Subsistema Abierto,Régimen de Control Abierto,Ley 21.378 Medida Cautelar Especial VIF con MT,Medida Cautelar Ofensor por VIF con MT,Hombre,23
31/08/2026,Región de Coquimbo,C.R.S. La Serena,Tradicional,Subsistema Abierto,Régimen de Control Abierto,Ley 21.378 Medida Cautelar Especial VIF con MT,Medida Cautelar Ofensor por VIF con MT,Hombre,21
31/08/2026,Región de Valparaíso,C.R.S. Los Andes,Tradicional,Subsistema Abierto,Régimen de Control Abierto,Ley 21.378 Medida Cautelar Especial VIF con MT,Medida Cautelar Ofensor por VIF con MT,Hombre,14
31/08/2026,Región de Valparaíso,C.R.S. Valparaíso,Tradicional,Subsistema Abierto,Régimen de Control Abierto,Ley 21.378 Medida Cautelar Especial VIF con MT,Medida Cautelar Ofensor por VIF con MT,Hombre,8
31/08/2026,Región del Libertador Bernardo O'Higgins,C.R.S. Rancagua,Tradicional,Subsistema Abierto,Régimen de Control Abierto,Ley 21.378 Medida Cautelar Especial VIF con MT,Medida Cautelar Ofensor por VIF con MT,Hombre,8
31/08/2026,Región del Maule,C.R.S. Curicó,Tradicional,Subsistema Abierto,Régimen de Control Abierto,Ley 21.378 Medida Cautelar Especial VIF con MT,Medida Cautelar Ofensor por VIF con MT,Hombre,10
31/08/2026,Región del Biobío,C.R.S. Concepción,Tradicional,Subsistema Abierto,Régimen de Control Abierto,Ley 21.378 Medida Cautelar Especial VIF con MT,Medida Cautelar Ofensor por VIF con MT,Hombre,22
31/08/2026,Región del Biobío,C.R.S. Los Ángeles,Tradicional,Subsistema Abierto,Régimen de Control Abierto,Ley 21.378 Medida Cautelar Especial VIF con MT,Medida Cautelar Ofensor por VIF con MT,Hombre,11
31/08/2026,Región de la Araucanía,C.R.S. Temuco,Tradicional,Subsistema Abierto,Régimen de Control Abierto,Ley 21.378 Medida Cautelar Especial VIF con MT,Medida Cautelar Ofensor por VIF con MT,Hombre,6
31/08/2026,Región Metropolitana,C.R.S. Santiago Centro,Tradicional,Subsistema Abierto,Régimen de Control Abierto,Ley 21.378 Medida Cautelar Especial VIF con MT,Medida Cautelar Ofensor por VIF con MT,Hombre,23
31/08/2026,Región Metropolitana,C.R.S. Santiago Norte,Tradicional,Subsistema Abierto,Régimen de Control Abierto,Ley 21.378 Medida Cautelar Especial VIF con MT,Medida Cautelar Ofensor por VIF con MT,Hombre,17
31/08/2026,Región Metropolitana,C.R.S. Santiago Occidente,Tradicional,Subsistema Abierto,Régimen de Control Abierto,Ley 21.378 Medida Cautelar Especial VIF con MT,Medida Cautelar Ofensor por VIF con MT,Hombre,22
31/08/2026,Región Metropolitana,C.R.S. Santiago Oriente,Tradicional,Subsistema Abierto,Régimen de Control Abierto,Ley 21.378 Medida Cautelar Especial VIF con MT,Medida Cautelar Ofensor por VIF con MT,Hombre,17
31/08/2026,Región Metropolitana,C.R.S. Santiago Sur,Tradicional,Subsistema Abierto,Régimen de Control Abierto,Ley 21.378 Medida Cautelar Especial VIF con MT,Medida Cautelar Ofensor por VIF con MT,Hombre,10
31/08/2026,Región Metropolitana,C.R.S. Santiago Sur II,Tradicional,Subsistema Abierto,Régimen de Control Abierto,Ley 21.378 Medida Cautelar Especial VIF con MT,Medida Cautelar Ofensor por VIF con MT,Hombre,7
31/08/2026,Región de Arica y Parinacota,C.R.S. Arica,Tradicional,Subsistema Abierto,Régimen de Control Abierto,Ley 21.378 Medida Cautelar Especial VIF con MT,Medida Cautelar Vìctima por VIF con MT,Mujer,7
31/08/2026,Región de Atacama,C.R.S. Copiapó,Tradicional,Subsistema Abierto,Régimen de Control Abierto,Ley 21.378 Medida Cautelar Especial VIF con MT,Medida Cautelar Vìctima por VIF con MT,Mujer,22
31/08/2026,Región de Coquimbo,C.R.S. La Serena,Tradicional,Subsistema Abierto,Régimen de Control Abierto,Ley 21.378 Medida Cautelar Especial VIF con MT,Medida Cautelar Vìctima por VIF con MT,Mujer,21
31/08/2026,Región de Valparaíso,C.R.S. Los Andes,Tradicional,Subsistema Abierto,Régimen de Control Abierto,Ley 21.378 Medida Cautelar Especial VIF con MT,Medida Cautelar Vìctima por VIF con MT,Mujer,14
31/08/2026,Región de Valparaíso,C.R.S. Quillota,Tradicional,Subsistema Abierto,Régimen de Control Abierto,Ley 21.378 Medida Cautelar Especial VIF con MT,Medida Cautelar Vìctima por VIF con MT,Mujer,6
31/08/2026,Región de Valparaíso,C.R.S. Valparaíso,Tradicional,Subsistema Abierto,Régimen de Control Abierto,Ley 21.378 Medida Cautelar Especial VIF con MT,Medida Cautelar Vìctima por VIF con MT,Mujer,8
31/08/2026,Región del Libertador Bernardo O'Higgins,C.R.S. Rancagua,Tradicional,Subsistema Abierto,Régimen de Control Abierto,Ley 21.378 Medida Cautelar Especial VIF con MT,Medida Cautelar Vìctima por VIF con MT,Mujer,8
31/08/2026,Región del Maule,C.R.S. Curicó,Tradicional,Subsistema Abierto,Régimen de Control Abierto,Ley 21.378 Medida Cautelar Especial VIF con MT,Medida Cautelar Vìctima por VIF con MT,Mujer,10
31/08/2026,Región del Biobío,C.R.S. Concepción,Tradicional,Subsistema Abierto,Régimen de Control Abierto,Ley 21.378 Medida Cautelar Especial VIF con MT,Medida Cautelar Vìctima por VIF con MT,Mujer,21
31/08/2026,Región del Biobío,C.R.S. Los Ángeles,Tradicional,Subsistema Abierto,Régimen de Control Abierto,Ley 21.378 Medida Cautelar Especial VIF con MT,Medida Cautelar Vìctima por VIF con MT,Mujer,11
31/08/2026,Región de la Araucanía,C.R.S. Temuco,Tradicional,Subsistema Abierto,Régimen de Control Abierto,Ley 21.378 Medida Cautelar Especial VIF con MT,Medida Cautelar Vìctima por VIF con MT,Mujer,6
31/08/2026,Región Metropolitana,C.R.S. Santiago Centro,Tradicional,Subsistema Abierto,Régimen de Control Abierto,Ley 21.378 Medida Cautelar Especial VIF con MT,Medida Cautelar Vìctima por VIF con MT,Mujer,26
31/08/2026,Región Metropolitana,C.R.S. Santiago Norte,Tradicional,Subsistema Abierto,Régimen de Control Abierto,Ley 21.378 Medida Cautelar Especial VIF con MT,Medida Cautelar Vìctima por VIF con MT,Mujer,21
31/08/2026,Región Metropolitana,C.R.S. Santiago Occidente,Tradicional,Subsistema Abierto,Régimen de Control Abierto,Ley 21.378 Medida Cautelar Especial VIF con MT,Medida Cautelar Vìctima por VIF con MT,Mujer,23
31/08/2026,Región Metropolitana,C.R.S. Santiago Oriente,Tradicional,Subsistema Abierto,Régimen de Control Abierto,Ley 21.378 Medida Cautelar Especial VIF con MT,Medida Cautelar Vìctima por VIF con MT,Mujer,15
31/08/2026,Región Metropolitana,C.R.S. Santiago Sur,Tradicional,Subsistema Abierto,Régimen de Control Abierto,Ley 21.378 Medida Cautelar Especial VIF con MT,Medida Cautelar Vìctima por VIF con MT,Mujer,10
31/08/2026,Región Metropolitana,C.R.S. Santiago Sur II,Tradicional,Subsistema Abierto,Régimen de Control Abierto,Ley 21.378 Medida Cautelar Especial VIF con MT,Medida Cautelar Vìctima por VIF con MT,Mujer,7
31/08/2026,Región del Maule,C.C.P. Curicó,Tradicional,Subsistema Cerrado,Régimen de Control Abierto,Apremios,Condenados (Arresto Nocturno),Hombre,5
31/08/2026,Región del Maule,C.D.P. Chanco,Tradicional,Subsistema Cerrado,Régimen de Control Abierto,Apremios,Condenados (Arresto Nocturno),Hombre,5
31/08/2026,Región Metropolitana,C.C.P. Colina II,Tradicional,Subsistema Cerrado,Régimen de Control Abierto,Beneficios de Reinserción,Salida Controlada al Medio Libre,Hombre,5
31/08/2026,Región Metropolitana,C.D.P. Santiago Sur,Tradicional,Subsistema Cerrado,Régimen de Control Abierto,Apremios,Condenados (Arresto Diurno),Hombre,5
31/08/2026,Región Metropolitana,C.R.S. Santiago Norte,Tradicional,Subsistema Abierto,Régimen de Control Abierto,Medidas Alternativa a la Reclusión,Libertad Vigilada del Adulto,Mujer,5
31/08/2026,Región Metropolitana,C.R.S. Santiago Oriente,Tradicional,Subsistema Abierto,Régimen de Control Abierto,Medidas Alternativa a la Reclusión,Libertad Vigilada del Adulto,Hombre,5
31/08/2026,Región de Valparaíso,S.C. Isla de Pascua,Tradicional,Subsistema Abierto,Régimen de Control Abierto,Medidas Alternativa a la Reclusión,Remisión Condicional de la Pena (Medida Alternativa),Mujer,5
31/08/2026,Región del Libertador Bernardo O'Higgins,C.A.I.S. Rengo,Tradicional,Subsistema Abierto,Régimen de Control Abierto,Medidas Alternativa a la Reclusión,Remisión Condicional de la Pena (Medida Alternativa),Hombre,5
31/08/2026,Región del Maule,C.R.S. Linares,Tradicional,Subsistema Abierto,Régimen de Control Abierto,Ley 21.378 Medida Cautelar Especial VIF con MT,Medida Cautelar Ofensor por VIF con MT,Hombre,5
31/08/2026,Región del Maule,C.R.S. Talca,Tradicional,Subsistema Abierto,Régimen de Control Abierto,Ley 21.378 Medida Cautelar Especial VIF con MT,Medida Cautelar Ofensor por VIF con MT,Hombre,5
31/08/2026,Región de Los Lagos,C.R.S. Puerto Montt,Tradicional,Subsistema Abierto,Régimen de Control Abierto,Ley 21.378 Medida Cautelar Especial VIF con MT,Medida Cautelar Ofensor por VIF con MT,Hombre,5
31/08/2026,Región del Maule,C.R.S. Linares,Tradicional,Subsistema Abierto,Régimen de Control Abierto,Ley 21.378 Medida Cautelar Especial VIF con MT,Medida Cautelar Vìctima por VIF con MT,Mujer,5
31/08/2026,Región del Maule,C.R.S. Talca,Tradicional,Subsistema Abierto,Régimen de Control Abierto,Ley 21.378 Medida Cautelar Especial VIF con MT,Medida Cautelar Vìctima por VIF con MT,Mujer,5
31/08/2026,Región de Los Ríos,C.R.S. Valdivia,Tradicional,Subsistema Abierto,Régimen de Control Abierto,Ley 21.378 Medida Cautelar Especial VIF con MT,Medida Cautelar Vìctima por VIF con MT,Mujer,5
31/08/2026,Región Metropolitana,C.A.I.S. Puente Alto,Tradicional,Subsistema Cerrado,Régimen de Control Abierto,Beneficios de Reinserción,Libertad Condicional,Mujer,5
31/08/2026,Región Metropolitana,C.A.I.S. Santiago,Tradicional,Subsistema Cerrado,Régimen de Control Abierto,Beneficios de Reinserción,Libertad Condicional,Mujer,15
31/08/2026,Región de Arica y Parinacota,C.A.I.S. Arica,Tradicional,Subsistema Cerrado,Régimen de Control Abierto,Beneficios de Reinserción,Libertad Condicional,Mujer,24
31/08/2026,Región de Tarapacá,C.A.I.S. Iquique,Tradicional,Subsistema Cerrado,Régimen de Control Abierto,Beneficios de Reinserción,Libertad Condicional,Mujer,13
31/08/2026,Región de Antofagasta,C.A.I.S. Antofagasta,Tradicional,Subsistema Cerrado,Régimen de Control Abierto,Beneficios de Reinserción,Libertad Condicional,Mujer,23
31/08/2026,Región de Coquimbo,C.A.I.S. La Serena,Tradicional,Subsistema Cerrado,Régimen de Control Abierto,Beneficios de Reinserción,Libertad Condicional,Mujer,10
31/08/2026,Región de Valparaíso,C.A.I.S. Valparaíso,Tradicional,Subsistema Cerrado,Régimen de Control Abierto,Beneficios de Reinserción,Libertad Condicional,Mujer,20
31/08/2026,Región del Libertador Bernardo O'Higgins,C.A.I.S. Rancagua,Tradicional,Subsistema Cerrado,Régimen de Control Abierto,Beneficios de Reinserción,Libertad Condicional,Mujer,6
31/08/2026,Región del Maule,C.A.I.S. Talca,Tradicional,Subsistema Cerrado,Régimen de Control Abierto,Beneficios de Reinserción,Libertad Condicional,Mujer,7
31/08/2026,Región del Biobío,C.A.I.S. Concepción,Tradicional,Subsistema Cerrado,Régimen de Control Abierto,Beneficios de Reinserción,Libertad Condicional,Mujer,8
31/08/2026,Región de Los Lagos,C.A.I.S. Puerto Montt,Tradicional,Subsistema Cerrado,Régimen de Control Abierto,Beneficios de Reinserción,Libertad Condicional,Hombre,38
31/08/2026,Región de Los Lagos,C.C.P. Osorno,Tradicional,Subsistema Cerrado,Régimen de Control Abierto,Beneficios de Reinserción,Libertad Condicional,Hombre,5
31/08/2026,Región de Aysén del General Carlos Ibáñez del Campo,C.A.I.S. Coyhaique,Tradicional,Subsistema Cerrado,Régimen de Control Abierto,Beneficios de Reinserción,Libertad Condicional,Hombre,17
31/08/2026,Región de Magallanes y la Antártica Chilena,C.A.I.S. Punta Arenas,Tradicional,Subsistema Cerrado,Régimen de Control Abierto,Beneficios de Reinserción,Libertad Condicional,Hombre,5
31/08/2026,Región de Los Ríos,C.A.I.S. Valdivia,Tradicional,Subsistema Cerrado,Régimen de Control Abierto,Beneficios de Reinserción,Libertad Condicional,Hombre,26
31/08/2026,Región de Arica y Parinacota,C.A.I.S. Arica,Tradicional,Subsistema Cerrado,Régimen de Control Abierto,Beneficios de Reinserción,Libertad Condicional,Hombre,98
31/08/2026,Región de Ñuble,C.A.I.S. Chillán,Tradicional,Subsistema Cerrado,Régimen de Control Abierto,Beneficios de Reinserción,Libertad Condicional,Hombre,50
31/08/2026,Región de Tarapacá,C.A.I.S. Iquique,Tradicional,Subsistema Cerrado,Régimen de Control Abierto,Beneficios de Reinserción,Libertad Condicional,Hombre,53
31/08/2026,Región de Antofagasta,C.A.I.S. Antofagasta,Tradicional,Subsistema Cerrado,Régimen de Control Abierto,Beneficios de Reinserción,Libertad Condicional,Hombre,84
31/08/2026,Región de Atacama,C.A.I.S. Copiapó,Tradicional,Subsistema Cerrado,Régimen de Control Abierto,Beneficios de Reinserción,Libertad Condicional,Hombre,13
31/08/2026,Región de Coquimbo,C.A.I.S. La Serena,Tradicional,Subsistema Cerrado,Régimen de Control Abierto,Beneficios de Reinserción,Libertad Condicional,Hombre,57
31/08/2026,Región de Valparaíso,C.A.I.S. Los Andes,Tradicional,Subsistema Cerrado,Régimen de Control Abierto,Beneficios de Reinserción,Libertad Condicional,Hombre,24
31/08/2026,Región de Valparaíso,C.A.I.S. Valparaíso,Tradicional,Subsistema Cerrado,Régimen de Control Abierto,Beneficios de Reinserción,Libertad Condicional,Hombre,122
31/08/2026,Región del Libertador Bernardo O'Higgins,C.A.I.S. Rancagua,Tradicional,Subsistema Cerrado,Régimen de Control Abierto,Beneficios de Reinserción,Libertad Condicional,Hombre,25
31/08/2026,Región del Libertador Bernardo O'Higgins,C.A.I.S. Rengo,Tradicional,Subsistema Cerrado,Régimen de Control Abierto,Beneficios de Reinserción,Libertad Condicional,Hombre,17
31/08/2026,Región del Maule,C.A.I.S. Linares,Tradicional,Subsistema Cerrado,Régimen de Control Abierto,Beneficios de Reinserción,Libertad Condicional,Hombre,26
31/08/2026,Región del Maule,C.A.I.S. Talca,Tradicional,Subsistema Cerrado,Régimen de Control Abierto,Beneficios de Reinserción,Libertad Condicional,Hombre,90
31/08/2026,Región del Biobío,C.A.I.S. Concepción,Tradicional,Subsistema Cerrado,Régimen de Control Abierto,Beneficios de Reinserción,Libertad Condicional,Hombre,83
31/08/2026,Región del Biobío,C.A.I.S. Los Ángeles,Tradicional,Subsistema Cerrado,Régimen de Control Abierto,Beneficios de Reinserción,Libertad Condicional,Hombre,28
31/08/2026,Región de la Araucanía,C.A.I.S. Temuco,Tradicional,Subsistema Cerrado,Régimen de Control Abierto,Beneficios de Reinserción,Libertad Condicional,Hombre,91
31/08/2026,Región Metropolitana,C.A.I.S. Melipilla,Tradicional,Subsistema Cerrado,Régimen de Control Abierto,Beneficios de Reinserción,Libertad Condicional,Hombre,21
31/08/2026,Región Metropolitana,C.A.I.S. Puente Alto,Tradicional,Subsistema Cerrado,Régimen de Control Abierto,Beneficios de Reinserción,Libertad Condicional,Hombre,28
31/08/2026,Región Metropolitana,C.A.I.S. Santiago,Tradicional,Subsistema Cerrado,Régimen de Control Abierto,Beneficios de Reinserción,Libertad Condicional,Hombre,298
31/08/2026,Región de Los Lagos,C.D.P. Ancud,Tradicional,Subsistema Cerrado,Régimen de Control Abierto,Apremios,Condenados (Arresto Nocturno),Hombre,4
31/08/2026,Región de Los Lagos,C.D.P. Río Negro,Tradicional,Subsistema Cerrado,Régimen de Control Abierto,Apremios,Condenados (Arresto Nocturno),Hombre,4
31/08/2026,Región de Ñuble,C.C.P. Chillán,Tradicional,Subsistema Cerrado,Régimen de Control Abierto,Apremios,Condenados (Arresto Nocturno),Hombre,4
31/08/2026,Región de Ñuble,C.D.P. San Carlos,Tradicional,Subsistema Cerrado,Régimen de Control Abierto,Apremios,Condenados (Arresto Nocturno),Hombre,4
31/08/2026,Región de Antofagasta,C.D.P. Tocopilla,Tradicional,Subsistema Cerrado,Régimen de Control Abierto,Apremios,Condenados (Arresto Nocturno),Hombre,4
31/08/2026,Región de Coquimbo,C.D.P. Illapel,Tradicional,Subsistema Cerrado,Régimen de Control Abierto,Apremios,Condenados (Arresto Nocturno),Hombre,4
31/08/2026,Región de Valparaíso,C.R.S. Quillota,Tradicional,Subsistema Cerrado,Régimen de Control Abierto,Apremios,Condenados (Arresto Nocturno),Hombre,4
31/08/2026,Región de Valparaíso,C.R.S. San Antonio,Tradicional,Subsistema Cerrado,Régimen de Control Abierto,Apremios,Condenados (Arresto Nocturno),Hombre,4
31/08/2026,Región del Maule,C.C.P. Talca,Tradicional,Subsistema Cerrado,Régimen de Control Abierto,Apremios,Condenados (Arresto Nocturno),Hombre,4
31/08/2026,Región de la Araucanía,C.D.P. Traiguén,Tradicional,Subsistema Cerrado,Régimen de Control Abierto,Apremios,Condenados (Arresto Nocturno),Hombre,4
31/08/2026,Región de Valparaíso,C.D.P. Limache,Tradicional,Subsistema Abierto,Régimen de Control Abierto,Medidas Alternativa a la Reclusión,Reclusión Nocturna,Hombre,4
31/08/2026,Región de Tarapacá,C.R.S. Iquique,Tradicional,Subsistema Abierto,Régimen de Control Abierto,Ley 21.378 Medida Cautelar Especial VIF con MT,Medida Cautelar Vìctima por VIF con MT,Mujer,4
31/08/2026,Región del Libertador Bernardo O'Higgins,C.R.S. San Fernando,Tradicional,Subsistema Abierto,Régimen de Control Abierto,Ley 21.378 Medida Cautelar Especial VIF con MT,Medida Cautelar Vìctima por VIF con MT,Mujer,4
31/08/2026,Región del Biobío,C.R.S. Cañete,Tradicional,Subsistema Abierto,Régimen de Control Abierto,Ley 21.378 Medida Cautelar Especial VIF con MT,Medida Cautelar Vìctima por VIF con MT,Mujer,4
31/08/2026,Región del Biobío,C.R.S. Coronel,Tradicional,Subsistema Abierto,Régimen de Control Abierto,Ley 21.378 Medida Cautelar Especial VIF con MT,Medida Cautelar Vìctima por VIF con MT,Mujer,4
31/08/2026,Región de Los Lagos,C.R.S. Puerto Montt,Tradicional,Subsistema Abierto,Régimen de Control Abierto,Ley 21.378 Medida Cautelar Especial VIF con MT,Medida Cautelar Vìctima por VIF con MT,Mujer,4
31/08/2026,Región de Magallanes y la Antártica Chilena,C.R.S. Punta Arenas,Tradicional,Subsistema Abierto,Régimen de Control Abierto,Ley 21.378 Medida Cautelar Especial VIF con MT,Medida Cautelar Vìctima por VIF con MT,Mujer,4
31/08/2026,Región de Valparaíso,C.R.S. Quillota,Tradicional,Subsistema Abierto,Régimen de Control Abierto,Ley 21.378 Medida Cautelar Especial VIF con MT,Medida Cautelar Ofensor por VIF con MT,Hombre,4
31/08/2026,Región de Valparaíso,C.R.S. Quilpué,Tradicional,Subsistema Abierto,Régimen de Control Abierto,Ley 21.378 Medida Cautelar Especial VIF con MT,Medida Cautelar Ofensor por VIF con MT,Hombre,4
31/08/2026,Región del Libertador Bernardo O'Higgins,C.R.S. San Fernando,Tradicional,Subsistema Abierto,Régimen de Control Abierto,Ley 21.378 Medida Cautelar Especial VIF con MT,Medida Cautelar Ofensor por VIF con MT,Hombre,4
31/08/2026,Región del Biobío,C.R.S. Cañete,Tradicional,Subsistema Abierto,Régimen de Control Abierto,Ley 21.378 Medida Cautelar Especial VIF con MT,Medida Cautelar Ofensor por VIF con MT,Hombre,4
31/08/2026,Región de Los Ríos,C.R.S. Valdivia,Tradicional,Subsistema Abierto,Régimen de Control Abierto,Ley 21.378 Medida Cautelar Especial VIF con MT,Medida Cautelar Ofensor por VIF con MT,Hombre,4
31/08/2026,Región de Magallanes y la Antártica Chilena,C.R.S. Punta Arenas,Tradicional,Subsistema Abierto,Régimen de Control Abierto,Ley 21.378 Medida Cautelar Especial VIF con MT,Medida Cautelar Ofensor por VIF con MT,Hombre,4
31/08/2026,Región de Atacama,C.A.I.S. Copiapó,Tradicional,Subsistema Cerrado,Régimen de Control Abierto,Beneficios de Reinserción,Libertad Condicional,Mujer,4
31/08/2026,Región de la Araucanía,C.A.I.S. Temuco,Tradicional,Subsistema Cerrado,Régimen de Control Abierto,Beneficios de Reinserción,Libertad Condicional,Mujer,4
31/08/2026,Región Metropolitana,C.P.F. Santiago,Tradicional,Subsistema Cerrado,Régimen de Control Abierto,Beneficios de Reinserción,Salida Controlada al Medio Libre,Mujer,4
31/08/2026,Región de Tarapacá,C.C.P. Iquique,Tradicional,Subsistema Cerrado,Régimen de Control Abierto,Beneficios de Reinserción,Salida Controlada al Medio Libre,Mujer,4
31/08/2026,Región del Libertador Bernardo O'Higgins,C.C.P. Rengo,Tradicional,Subsistema Cerrado,Régimen de Control Abierto,Beneficios de Reinserción,Salida Controlada al Medio Libre,Hombre,4
31/08/2026,Región del Libertador Bernardo O'Higgins,C.C.P. Santa Cruz,Tradicional,Subsistema Cerrado,Régimen de Control Abierto,Beneficios de Reinserción,Salida Controlada al Medio Libre,Hombre,4
31/08/2026,Región del Maule,C.C.P. Talca,Tradicional,Subsistema Cerrado,Régimen de Control Abierto,Beneficios de Reinserción,Salida Controlada al Medio Libre,Hombre,4
31/08/2026,Región Metropolitana,C.C.P. Buin,Tradicional,Subsistema Abierto,Régimen de Control Abierto,Medidas Alternativa a la Reclusión,Remisión Condicional de la Pena (Medida Alternativa),Hombre,3
31/08/2026,Región Metropolitana,C.R.S. Santiago Oriente,Tradicional,Subsistema Abierto,Régimen de Control Abierto,Medidas Alternativa a la Reclusión,Remisión Condicional de la Pena (Medida Alternativa),Mujer,3
31/08/2026,Región de Antofagasta,C.D.P. Taltal,Tradicional,Subsistema Abierto,Régimen de Control Abierto,Medidas Alternativa a la Reclusión,Reclusión Nocturna,Hombre,3
31/08/2026,Región de Coquimbo,C.D.P. Ovalle,Tradicional,Subsistema Abierto,Régimen de Control Abierto,Medidas Alternativa a la Reclusión,Reclusión Nocturna,Hombre,3
31/08/2026,Región de Valparaíso,C.D.P. Casablanca,Tradicional,Subsistema Abierto,Régimen de Control Abierto,Medidas Alternativa a la Reclusión,Remisión Condicional de la Pena (Medida Alternativa),Mujer,3
31/08/2026,Región del Libertador Bernardo O'Higgins,C.P. Rancagua,Concesionada,Subsistema Abierto,Régimen de Control Abierto,Medidas Alternativa a la Reclusión,Reclusión Nocturna,Hombre,3
31/08/2026,Región de Tarapacá,C.R.S. Alto Hospicio,Tradicional,Subsistema Abierto,Régimen de Control Abierto,Ley 21.378 Medida Cautelar Especial VIF con MT,Medida Cautelar Ofensor por VIF con MT,Hombre,3
31/08/2026,Región de Tarapacá,C.R.S. Iquique,Tradicional,Subsistema Abierto,Régimen de Control Abierto,Ley 21.378 Medida Cautelar Especial VIF con MT,Medida Cautelar Ofensor por VIF con MT,Hombre,3
31/08/2026,Región de Valparaíso,C.R.S. San Antonio,Tradicional,Subsistema Abierto,Régimen de Control Abierto,Ley 21.378 Medida Cautelar Especial VIF con MT,Medida Cautelar Ofensor por VIF con MT,Hombre,3
31/08/2026,Región del Biobío,C.R.S. Coronel,Tradicional,Subsistema Abierto,Régimen de Control Abierto,Ley 21.378 Medida Cautelar Especial VIF con MT,Medida Cautelar Ofensor por VIF con MT,Hombre,3
31/08/2026,Región de Valparaíso,C.R.S. Quilpué,Tradicional,Subsistema Abierto,Régimen de Control Abierto,Ley 21.378 Medida Cautelar Especial VIF con MT,Medida Cautelar Vìctima por VIF con MT,Mujer,3
31/08/2026,Región de Los Ríos,C.C.P. Río Bueno,Tradicional,Subsistema Cerrado,Régimen de Control Abierto,Apremios,Condenados (Arresto Nocturno),Hombre,3
31/08/2026,Región de Coquimbo,C.D.P. Vicuña,Tradicional,Subsistema Cerrado,Régimen de Control Abierto,Apremios,Condenados (Arresto Nocturno),Hombre,3
31/08/2026,Región de Valparaíso,C.C.P. Los Andes,Tradicional,Subsistema Cerrado,Régimen de Control Abierto,Apremios,Condenados (Arresto Nocturno),Hombre,3
31/08/2026,Región del Maule,C.C.P. Linares,Tradicional,Subsistema Cerrado,Régimen de Control Abierto,Apremios,Condenados (Arresto Nocturno),Hombre,3
31/08/2026,Región de la Araucanía,C.C.P. Nueva Imperial,Tradicional,Subsistema Cerrado,Régimen de Control Abierto,Apremios,Condenados (Arresto Nocturno),Hombre,3
31/08/2026,Región del Maule,C.P.F. Talca,Tradicional,Subsistema Cerrado,Régimen de Control Abierto,Beneficios de Reinserción,Salida Controlada al Medio Libre,Mujer,3
31/08/2026,Región de Valparaíso,C.P. Valparaíso,Tradicional,Subsistema Cerrado,Régimen de Control Abierto,Beneficios de Reinserción,Salida Controlada al Medio Libre,Hombre,3
31/08/2026,Región Metropolitana,C.D.P. Santiago Sur,Tradicional,Subsistema Cerrado,Régimen de Control Abierto,Beneficios de Reinserción,Salida Controlada al Medio Libre,Hombre,3
31/08/2026,Región del Maule,C.C.P. Cauquenes,Tradicional,Subsistema Cerrado,Régimen de Control Abierto,Beneficios de Reinserción,Salida Controlada al Medio Libre,Hombre,3
31/08/2026,Región de la Araucanía,C.D.P. Angol,Tradicional,Subsistema Cerrado,Régimen de Control Abierto,Beneficios de Reinserción,Salida Controlada al Medio Libre,Hombre,3
31/08/2026,Región Metropolitana,C.A.I.S. Melipilla,Tradicional,Subsistema Cerrado,Régimen de Control Abierto,Beneficios de Reinserción,Libertad Condicional,Mujer,3
31/08/2026,Región de Los Ríos,C.C.P. Río Bueno,Tradicional,Subsistema Cerrado,Régimen de Control Abierto,Beneficios de Reinserción,Libertad Condicional,Hombre,3
31/08/2026,Región de Ñuble,C.A.I.S. Chillán,Tradicional,Subsistema Cerrado,Régimen de Control Abierto,Beneficios de Reinserción,Libertad Condicional,Mujer,3
31/08/2026,Región de Valparaíso,C.A.I.S. Los Andes,Tradicional,Subsistema Cerrado,Régimen de Control Abierto,Beneficios de Reinserción,Libertad Condicional,Mujer,3
31/08/2026,Región del Maule,C.E.T. Talca,Tradicional,Subsistema Cerrado,Régimen de Control Semiabierto,Condenados (C.E.T.),Condenados en C.E.T. Semiabierto,Mujer,3
31/08/2026,Región de Los Ríos,C.A.I.S. Valdivia,Tradicional,Subsistema Postpenitenciario,Régimen de Control Postpenitenciario,Postpenitenciario,Oficina de Diagnóstico Prontuarial,Hombre,3
31/08/2026,Región de Arica y Parinacota,C.A.I.S. Arica,Tradicional,Subsistema Postpenitenciario,Régimen de Control Postpenitenciario,Postpenitenciario,Oficina de Diagnóstico Prontuarial,Mujer,3
31/08/2026,Región de Tarapacá,C.A.I.S. Iquique,Tradicional,Subsistema Postpenitenciario,Régimen de Control Postpenitenciario,Postpenitenciario,Oficina de Diagnóstico Prontuarial,Hombre,3
31/08/2026,Región de Valparaíso,C.R.S. Quillota,Tradicional,Subsistema Postpenitenciario,Régimen de Control Postpenitenciario,Postpenitenciario,Oficina de Diagnóstico Prontuarial,Mujer,3
31/08/2026,Región de Ñuble,C.A.I.S. Chillán,Tradicional,Subsistema Postpenitenciario,Régimen de Control Postpenitenciario,Postpenitenciario,Oficina de Diagnóstico Prontuarial,Mujer,2
31/08/2026,Región de Coquimbo,C.R.S. Ovalle,Tradicional,Subsistema Postpenitenciario,Régimen de Control Postpenitenciario,Postpenitenciario,Oficina de Diagnóstico Prontuarial,Hombre,2
31/08/2026,Región de Valparaíso,S.C. Isla de Pascua,Tradicional,Subsistema Postpenitenciario,Régimen de Control Postpenitenciario,Postpenitenciario,Oficina de Diagnóstico Prontuarial,Hombre,2
31/08/2026,Región de Atacama,C.C.P. Chañaral,Tradicional,Subsistema Cerrado,Régimen de Control Abierto,Apremios,Condenados (Arresto Diurno),Hombre,2
31/08/2026,Región de Atacama,C.D.P. Vallenar,Tradicional,Subsistema Cerrado,Régimen de Control Abierto,Apremios,Condenados (Arresto Diurno),Hombre,2
31/08/2026,Región de Valparaíso,C.D.P. Petorca,Tradicional,Subsistema Abierto,Régimen de Control Abierto,Medidas Alternativa a la Reclusión,Remisión Condicional de la Pena (Medida Alternativa),Hombre,2
31/08/2026,Región Metropolitana,C.D.P. Talagante,Tradicional,Subsistema Abierto,Régimen de Control Abierto,Medidas Alternativa a la Reclusión,Reclusión Nocturna,Hombre,2
31/08/2026,Región Metropolitana,C.P.F. Santiago,Tradicional,Subsistema Abierto,Régimen de Control Abierto,Medidas Alternativa a la Reclusión,Reclusión Nocturna,Mujer,2
31/08/2026,Región de Ñuble,C.D.P. Yungay,Tradicional,Subsistema Abierto,Régimen de Control Abierto,Medidas Alternativa a la Reclusión,Reclusión Nocturna,Hombre,2
31/08/2026,Región del Maule,C.C.P. Molina,Tradicional,Subsistema Abierto,Régimen de Control Abierto,Medidas Alternativa a la Reclusión,Reclusión Nocturna,Hombre,2
31/08/2026,Región de Antofagasta,C.R.S. Antofagasta,Tradicional,Subsistema Abierto,Régimen de Control Abierto,Ley 21.378 Medida Cautelar Especial VIF con MT,Medida Cautelar Ofensor por VIF con MT,Hombre,2
31/08/2026,Región de Atacama,C.R.S. Vallenar,Tradicional,Subsistema Abierto,Régimen de Control Abierto,Ley 21.378 Medida Cautelar Especial VIF con MT,Medida Cautelar Ofensor por VIF con MT,Hombre,2
31/08/2026,Región de Tarapacá,C.R.S. Alto Hospicio,Tradicional,Subsistema Abierto,Régimen de Control Abierto,Ley 21.378 Medida Cautelar Especial VIF con MT,Medida Cautelar Vìctima por VIF con MT,Mujer,2
31/08/2026,Región de Antofagasta,C.R.S. Antofagasta,Tradicional,Subsistema Abierto,Régimen de Control Abierto,Ley 21.378 Medida Cautelar Especial VIF con MT,Medida Cautelar Vìctima por VIF con MT,Mujer,2
31/08/2026,Región de Atacama,C.R.S. Vallenar,Tradicional,Subsistema Abierto,Régimen de Control Abierto,Ley 21.378 Medida Cautelar Especial VIF con MT,Medida Cautelar Vìctima por VIF con MT,Mujer,2
31/08/2026,Región de Valparaíso,C.R.S. San Antonio,Tradicional,Subsistema Abierto,Régimen de Control Abierto,Ley 21.378 Medida Cautelar Especial VIF con MT,Medida Cautelar Vìctima por VIF con MT,Mujer,2
31/08/2026,Región de Los Ríos,C.P. Valdivia,Concesionada,Subsistema Cerrado,Régimen de Control Abierto,Apremios,Condenados (Arresto Nocturno),Hombre,2
31/08/2026,Región de Antofagasta,C.C.P. Antofagasta concesionado,Concesionada,Subsistema Cerrado,Régimen de Control Abierto,Apremios,Condenados (Arresto Nocturno),Hombre,2
31/08/2026,Región de la Araucanía,C.P.F. Temuco,Tradicional,Subsistema Cerrado,Régimen de Control Abierto,Apremios,Condenados (Arresto Nocturno),Mujer,2
31/08/2026,Región Metropolitana,C.D.P. Talagante,Tradicional,Subsistema Cerrado,Régimen de Control Abierto,Apremios,Condenados (Arresto Nocturno),Hombre,2
31/08/2026,Región de Coquimbo,C.D.P. Ovalle,Tradicional,Subsistema Cerrado,Régimen de Control Abierto,Apremios,Condenados (Arresto Nocturno),Hombre,2
31/08/2026,Región de Coquimbo,C.R.S. La Serena,Tradicional,Subsistema Cerrado,Régimen de Control Abierto,Apremios,Condenados (Arresto Nocturno),Hombre,2
31/08/2026,Región de Valparaíso,C.D.P. Casablanca,Tradicional,Subsistema Cerrado,Régimen de Control Abierto,Apremios,Condenados (Arresto Nocturno),Hombre,2
31/08/2026,Región de Valparaíso,C.R.S. Valparaíso,Tradicional,Subsistema Cerrado,Régimen de Control Abierto,Apremios,Condenados (Arresto Nocturno),Hombre,2
31/08/2026,Región del Libertador Bernardo O'Higgins,C.C.P. Santa Cruz,Tradicional,Subsistema Cerrado,Régimen de Control Abierto,Apremios,Condenados (Arresto Nocturno),Hombre,2
31/08/2026,Región del Libertador Bernardo O'Higgins,C.D.P. Peumo,Tradicional,Subsistema Cerrado,Régimen de Control Abierto,Apremios,Condenados (Arresto Nocturno),Hombre,2
31/08/2026,Región del Maule,C.C.P. Parral,Tradicional,Subsistema Cerrado,Régimen de Control Abierto,Apremios,Condenados (Arresto Nocturno),Hombre,2
31/08/2026,Región del Biobío,C.D.P. Arauco,Tradicional,Subsistema Cerrado,Régimen de Control Abierto,Apremios,Condenados (Arresto Nocturno),Hombre,2
31/08/2026,Región de la Araucanía,C.C.P. Collipulli,Tradicional,Subsistema Cerrado,Régimen de Control Abierto,Apremios,Condenados (Arresto Nocturno),Hombre,2
31/08/2026,Región de la Araucanía,C.C.P. Victoria,Tradicional,Subsistema Cerrado,Régimen de Control Abierto,Apremios,Condenados (Arresto Nocturno),Hombre,2
31/08/2026,Región de Antofagasta,C.P.F. Antofagasta,Tradicional,Subsistema Cerrado,Régimen de Control Abierto,Beneficios de Reinserción,Salida Controlada al Medio Libre,Mujer,2
31/08/2026,Región de Atacama,C.C.P. Copiapó,Tradicional,Subsistema Cerrado,Régimen de Control Abierto,Beneficios de Reinserción,Salida Controlada al Medio Libre,Mujer,2
31/08/2026,Región de Los Lagos,C.D.P. Ancud,Tradicional,Subsistema Cerrado,Régimen de Control Abierto,Beneficios de Reinserción,Salida Controlada al Medio Libre,Hombre,2
31/08/2026,Región de Magallanes y la Antártica Chilena,C.D.P. Puerto Natales,Tradicional,Subsistema Cerrado,Régimen de Control Abierto,Beneficios de Reinserción,Salida Controlada al Medio Libre,Hombre,2
31/08/2026,Región Metropolitana,C.D.P. Talagante,Tradicional,Subsistema Cerrado,Régimen de Control Abierto,Beneficios de Reinserción,Salida Controlada al Medio Libre,Hombre,2
31/08/2026,Región Metropolitana,C.E.T. Metropolitano,Tradicional,Subsistema Cerrado,Régimen de Control Abierto,Beneficios de Reinserción,Salida Controlada al Medio Libre,Hombre,2
31/08/2026,Región de Tarapacá,C.C.P. Iquique,Tradicional,Subsistema Cerrado,Régimen de Control Abierto,Beneficios de Reinserción,Salida Controlada al Medio Libre,Hombre,2
31/08/2026,Región de Atacama,C.D.P. Vallenar,Tradicional,Subsistema Cerrado,Régimen de Control Abierto,Beneficios de Reinserción,Salida Controlada al Medio Libre,Hombre,2
31/08/2026,Región de Valparaíso,C.D.P. Casablanca,Tradicional,Subsistema Cerrado,Régimen de Control Abierto,Beneficios de Reinserción,Salida Controlada al Medio Libre,Hombre,2
31/08/2026,Región del Maule,C.C.P. Linares,Tradicional,Subsistema Cerrado,Régimen de Control Abierto,Beneficios de Reinserción,Salida Controlada al Medio Libre,Hombre,2
31/08/2026,Región de la Araucanía,C.C.P. Temuco,Tradicional,Subsistema Cerrado,Régimen de Control Abierto,Beneficios de Reinserción,Salida Controlada al Medio Libre,Hombre,2
31/08/2026,Región de la Araucanía,C.C.P. Victoria,Tradicional,Subsistema Cerrado,Régimen de Control Abierto,Beneficios de Reinserción,Salida Controlada al Medio Libre,Hombre,2
31/08/2026,Región de la Araucanía,C.D.P. Pitrufquén,Tradicional,Subsistema Cerrado,Régimen de Control Abierto,Beneficios de Reinserción,Salida Controlada al Medio Libre,Hombre,2
31/08/2026,Región de la Araucanía,C.D.P. Traiguén,Tradicional,Subsistema Cerrado,Régimen de Control Abierto,Beneficios de Reinserción,Salida Controlada al Medio Libre,Hombre,2
31/08/2026,Región de la Araucanía,C.D.P. Villarrica,Tradicional,Subsistema Cerrado,Régimen de Control Abierto,Beneficios de Reinserción,Salida Controlada al Medio Libre,Hombre,2
31/08/2026,Región de Coquimbo,C.P. La Serena,Concesionada,Subsistema Cerrado,Régimen de Control Abierto,Beneficios de Reinserción,Salida Controlada al Medio Libre,Hombre,2
31/08/2026,Región de Los Lagos,C.A.I.S. Puerto Montt,Tradicional,Subsistema Cerrado,Régimen de Control Abierto,Beneficios de Reinserción,Libertad Condicional,Mujer,2
31/08/2026,Región de Los Lagos,C.D.P. Ancud,Tradicional,Subsistema Cerrado,Régimen de Control Abierto,Beneficios de Reinserción,Libertad Condicional,Hombre,2
31/08/2026,Región de Ñuble,C.D.P. Quirihue,Tradicional,Subsistema Cerrado,Régimen de Control Abierto,Beneficios de Reinserción,Libertad Condicional,Hombre,2
31/08/2026,Región de Ñuble,C.D.P. San Carlos,Tradicional,Subsistema Cerrado,Régimen de Control Abierto,Beneficios de Reinserción,Libertad Condicional,Hombre,2
31/08/2026,Región de Valparaíso,C.C.P. San Antonio,Tradicional,Subsistema Cerrado,Régimen de Control Abierto,Beneficios de Reinserción,Libertad Condicional,Hombre,2
31/08/2026,Región del Libertador Bernardo O'Higgins,C.A.I.S. Rengo,Tradicional,Subsistema Cerrado,Régimen de Control Abierto,Beneficios de Reinserción,Libertad Condicional,Mujer,2
31/08/2026,Región del Maule,C.A.I.S. Linares,Tradicional,Subsistema Cerrado,Régimen de Control Abierto,Beneficios de Reinserción,Libertad Condicional,Mujer,2
31/08/2026,Región del Maule,C.C.P. Curicó,Tradicional,Subsistema Cerrado,Régimen de Control Abierto,Beneficios de Reinserción,Libertad Condicional,Hombre,2
31/08/2026,Región del Biobío,C.D.P. Arauco,Tradicional,Subsistema Cerrado,Régimen de Control Abierto,Beneficios de Reinserción,Libertad Condicional,Hombre,2
31/08/2026,Región del Biobío,C.D.P. Yumbel,Tradicional,Subsistema Cerrado,Régimen de Control Abierto,Beneficios de Reinserción,Libertad Condicional,Hombre,2
31/08/2026,Región de la Araucanía,C.D.P. Angol,Tradicional,Subsistema Cerrado,Régimen de Control Abierto,Beneficios de Reinserción,Libertad Condicional,Hombre,2
31/08/2026,Región de la Araucanía,C.D.P. Pitrufquén,Tradicional,Subsistema Cerrado,Régimen de Control Abierto,Beneficios de Reinserción,Libertad Condicional,Hombre,2
31/08/2026,Región de Los Lagos,C.D.P. Ancud,Tradicional,Subsistema Postpenitenciario,Régimen de Control Postpenitenciario,Postpenitenciario,Control D.L. 409,Mujer,2
31/08/2026,Región de Magallanes y la Antártica Chilena,C.D.P. Porvenir,Tradicional,Subsistema Postpenitenciario,Régimen de Control Postpenitenciario,Postpenitenciario,Control D.L. 409,Mujer,2
31/08/2026,Región de Antofagasta,C.D.P. Calama,Tradicional,Subsistema Postpenitenciario,Régimen de Control Postpenitenciario,Postpenitenciario,Control D.L. 409,Mujer,2
31/08/2026,Región de Valparaíso,S.C. Isla de Pascua,Tradicional,Subsistema Postpenitenciario,Régimen de Control Postpenitenciario,Postpenitenciario,Control D.L. 409,Mujer,2
31/08/2026,Región del Biobío,C.D.P. Yumbel,Tradicional,Subsistema Postpenitenciario,Régimen de Control Postpenitenciario,Postpenitenciario,Control D.L. 409,Mujer,2
31/08/2026,Región de Ñuble,C.D.P. Yungay,Tradicional,Subsistema Postpenitenciario,Régimen de Control Postpenitenciario,Postpenitenciario,Control D.L. 409,Mujer,3
31/08/2026,Región de Los Lagos,C.A.I.S. Puerto Montt,Tradicional,Subsistema Postpenitenciario,Régimen de Control Postpenitenciario,Postpenitenciario,Control D.L. 409,Mujer,62
31/08/2026,Región de Los Lagos,C.R.S. Castro,Tradicional,Subsistema Postpenitenciario,Régimen de Control Postpenitenciario,Postpenitenciario,Control D.L. 409,Mujer,12
31/08/2026,Región de Los Lagos,C.R.S. Osorno,Tradicional,Subsistema Postpenitenciario,Régimen de Control Postpenitenciario,Postpenitenciario,Control D.L. 409,Mujer,50
31/08/2026,Región de Aysén del General Carlos Ibáñez del Campo,C.A.I.S. Coyhaique,Tradicional,Subsistema Postpenitenciario,Régimen de Control Postpenitenciario,Postpenitenciario,Control D.L. 409,Mujer,27
31/08/2026,Región de Aysén del General Carlos Ibáñez del Campo,C.D.P. Puerto Aysén,Tradicional,Subsistema Postpenitenciario,Régimen de Control Postpenitenciario,Postpenitenciario,Control D.L. 409,Mujer,8
31/08/2026,Región de Magallanes y la Antártica Chilena,C.A.I.S. Punta Arenas,Tradicional,Subsistema Postpenitenciario,Régimen de Control Postpenitenciario,Postpenitenciario,Control D.L. 409,Mujer,25
31/08/2026,Región de Magallanes y la Antártica Chilena,C.D.P. Puerto Natales,Tradicional,Subsistema Postpenitenciario,Régimen de Control Postpenitenciario,Postpenitenciario,Control D.L. 409,Mujer,8
31/08/2026,Región Metropolitana,C.A.I.S. Melipilla,Tradicional,Subsistema Postpenitenciario,Régimen de Control Postpenitenciario,Postpenitenciario,Control D.L. 409,Mujer,27
31/08/2026,Región Metropolitana,C.A.I.S. Puente Alto,Tradicional,Subsistema Postpenitenciario,Régimen de Control Postpenitenciario,Postpenitenciario,Control D.L. 409,Mujer,25
31/08/2026,Región Metropolitana,C.A.I.S. Santiago,Tradicional,Subsistema Postpenitenciario,Régimen de Control Postpenitenciario,Postpenitenciario,Control D.L. 409,Mujer,392
31/08/2026,Región Metropolitana,C.C.P. Buin,Tradicional,Subsistema Postpenitenciario,Régimen de Control Postpenitenciario,Postpenitenciario,Control D.L. 409,Mujer,19
31/08/2026,Región Metropolitana,C.D.P. Talagante,Tradicional,Subsistema Postpenitenciario,Régimen de Control Postpenitenciario,Postpenitenciario,Control D.L. 409,Mujer,94
31/08/2026,Región de Los Ríos,C.A.I.S. Valdivia,Tradicional,Subsistema Postpenitenciario,Régimen de Control Postpenitenciario,Postpenitenciario,Control D.L. 409,Mujer,61
31/08/2026,Región de Los Ríos,C.C.P. Río Bueno,Tradicional,Subsistema Postpenitenciario,Régimen de Control Postpenitenciario,Postpenitenciario,Control D.L. 409,Mujer,13
31/08/2026,Región de Arica y Parinacota,C.A.I.S. Arica,Tradicional,Subsistema Postpenitenciario,Régimen de Control Postpenitenciario,Postpenitenciario,Control D.L. 409,Mujer,117
31/08/2026,Región de Ñuble,C.A.I.S. Chillán,Tradicional,Subsistema Postpenitenciario,Régimen de Control Postpenitenciario,Postpenitenciario,Control D.L. 409,Mujer,77
31/08/2026,Región de Ñuble,C.D.P. Quirihue,Tradicional,Subsistema Postpenitenciario,Régimen de Control Postpenitenciario,Postpenitenciario,Control D.L. 409,Mujer,5
31/08/2026,Región de Ñuble,C.D.P. San Carlos,Tradicional,Subsistema Postpenitenciario,Régimen de Control Postpenitenciario,Postpenitenciario,Control D.L. 409,Mujer,8
31/08/2026,Región de Ñuble,C.P.F. Bulnes,Tradicional,Subsistema Postpenitenciario,Régimen de Control Postpenitenciario,Postpenitenciario,Control D.L. 409,Mujer,5
31/08/2026,Región de Tarapacá,C.A.I.S. Iquique,Tradicional,Subsistema Postpenitenciario,Régimen de Control Postpenitenciario,Postpenitenciario,Control D.L. 409,Mujer,101
31/08/2026,Región de Tarapacá,C.D.P. Pozo Almonte,Tradicional,Subsistema Postpenitenciario,Régimen de Control Postpenitenciario,Postpenitenciario,Control D.L. 409,Mujer,9
31/08/2026,Región de Antofagasta,C.A.I.S. Antofagasta,Tradicional,Subsistema Postpenitenciario,Régimen de Control Postpenitenciario,Postpenitenciario,Control D.L. 409,Mujer,183
31/08/2026,Región de Antofagasta,C.D.P. Taltal,Tradicional,Subsistema Postpenitenciario,Régimen de Control Postpenitenciario,Postpenitenciario,Control D.L. 409,Mujer,12
31/08/2026,Región de Antofagasta,C.R.S. Calama,Tradicional,Subsistema Postpenitenciario,Régimen de Control Postpenitenciario,Postpenitenciario,Control D.L. 409,Mujer,38
31/08/2026,Región de Atacama,C.A.I.S. Copiapó,Tradicional,Subsistema Postpenitenciario,Régimen de Control Postpenitenciario,Postpenitenciario,Control D.L. 409,Mujer,46
31/08/2026,Región de Atacama,C.C.P. Chañaral,Tradicional,Subsistema Postpenitenciario,Régimen de Control Postpenitenciario,Postpenitenciario,Control D.L. 409,Mujer,4
31/08/2026,Región de Atacama,C.R.S. Vallenar,Tradicional,Subsistema Postpenitenciario,Régimen de Control Postpenitenciario,Postpenitenciario,Control D.L. 409,Mujer,35
31/08/2026,Región de Coquimbo,C.A.I.S. La Serena,Tradicional,Subsistema Postpenitenciario,Régimen de Control Postpenitenciario,Postpenitenciario,Control D.L. 409,Mujer,132
31/08/2026,Región de Coquimbo,C.D.P. Vicuña,Tradicional,Subsistema Postpenitenciario,Régimen de Control Postpenitenciario,Postpenitenciario,Control D.L. 409,Mujer,8
31/08/2026,Región de Coquimbo,C.R.S. Illapel,Tradicional,Subsistema Postpenitenciario,Régimen de Control Postpenitenciario,Postpenitenciario,Control D.L. 409,Mujer,34
31/08/2026,Región de Coquimbo,C.R.S. Ovalle,Tradicional,Subsistema Postpenitenciario,Régimen de Control Postpenitenciario,Postpenitenciario,Control D.L. 409,Mujer,32
31/08/2026,Región de Valparaíso,C.A.I.S. Los Andes,Tradicional,Subsistema Postpenitenciario,Régimen de Control Postpenitenciario,Postpenitenciario,Control D.L. 409,Mujer,55
31/08/2026,Región de Valparaíso,C.A.I.S. Valparaíso,Tradicional,Subsistema Postpenitenciario,Régimen de Control Postpenitenciario,Postpenitenciario,Control D.L. 409,Mujer,166
31/08/2026,Región de Valparaíso,C.D.P. Petorca,Tradicional,Subsistema Postpenitenciario,Régimen de Control Postpenitenciario,Postpenitenciario,Control D.L. 409,Mujer,18
31/08/2026,Región de Valparaíso,C.R.S. Quillota,Tradicional,Subsistema Postpenitenciario,Régimen de Control Postpenitenciario,Postpenitenciario,Control D.L. 409,Mujer,52
31/08/2026,Región de Valparaíso,C.R.S. Quilpué,Tradicional,Subsistema Postpenitenciario,Régimen de Control Postpenitenciario,Postpenitenciario,Control D.L. 409,Mujer,33
31/08/2026,Región de Valparaíso,C.R.S. San Antonio,Tradicional,Subsistema Postpenitenciario,Régimen de Control Postpenitenciario,Postpenitenciario,Control D.L. 409,Mujer,43
31/08/2026,Región del Libertador Bernardo O'Higgins,C.A.I.S. Rancagua,Tradicional,Subsistema Postpenitenciario,Régimen de Control Postpenitenciario,Postpenitenciario,Control D.L. 409,Mujer,94
31/08/2026,Región del Libertador Bernardo O'Higgins,C.A.I.S. Rengo,Tradicional,Subsistema Postpenitenciario,Régimen de Control Postpenitenciario,Postpenitenciario,Control D.L. 409,Mujer,84
31/08/2026,Región del Biobío,C.A.I.S. Concepción,Tradicional,Subsistema Postpenitenciario,Régimen de Control Postpenitenciario,Postpenitenciario,Control D.L. 409,Mujer,157
31/08/2026,Región del Biobío,C.A.I.S. Los Ángeles,Tradicional,Subsistema Postpenitenciario,Régimen de Control Postpenitenciario,Postpenitenciario,Control D.L. 409,Mujer,70
31/08/2026,Región del Biobío,C.D.P. Arauco,Tradicional,Subsistema Postpenitenciario,Régimen de Control Postpenitenciario,Postpenitenciario,Control D.L. 409,Mujer,4
31/08/2026,Región del Biobío,C.D.P. Lebu,Tradicional,Subsistema Postpenitenciario,Régimen de Control Postpenitenciario,Postpenitenciario,Control D.L. 409,Mujer,9
31/08/2026,Región del Biobío,C.R.S. Cañete,Tradicional,Subsistema Postpenitenciario,Régimen de Control Postpenitenciario,Postpenitenciario,Control D.L. 409,Mujer,18
31/08/2026,Región del Maule,C.A.I.S. Linares,Tradicional,Subsistema Postpenitenciario,Régimen de Control Postpenitenciario,Postpenitenciario,Control D.L. 409,Mujer,33
31/08/2026,Región del Maule,C.A.I.S. Talca,Tradicional,Subsistema Postpenitenciario,Régimen de Control Postpenitenciario,Postpenitenciario,Control D.L. 409,Mujer,41
31/08/2026,Región del Maule,C.C.P. Molina,Tradicional,Subsistema Postpenitenciario,Régimen de Control Postpenitenciario,Postpenitenciario,Control D.L. 409,Mujer,6
31/08/2026,Región del Maule,C.C.P. Parral,Tradicional,Subsistema Postpenitenciario,Régimen de Control Postpenitenciario,Postpenitenciario,Control D.L. 409,Mujer,13
31/08/2026,Región del Maule,C.D.P. Constitución,Tradicional,Subsistema Postpenitenciario,Régimen de Control Postpenitenciario,Postpenitenciario,Control D.L. 409,Mujer,6
31/08/2026,Región del Maule,C.R.S. Cauquenes,Tradicional,Subsistema Postpenitenciario,Régimen de Control Postpenitenciario,Postpenitenciario,Control D.L. 409,Mujer,21
31/08/2026,Región del Maule,C.R.S. Curicó,Tradicional,Subsistema Postpenitenciario,Régimen de Control Postpenitenciario,Postpenitenciario,Control D.L. 409,Mujer,33
31/08/2026,Región de Los Lagos,Anexo C.D.P. Chaitén,Tradicional,Subsistema Postpenitenciario,Régimen de Control Postpenitenciario,Postpenitenciario,Control D.L. 409,Hombre,22
31/08/2026,Región de Los Lagos,C.A.I.S. Puerto Montt,Tradicional,Subsistema Postpenitenciario,Régimen de Control Postpenitenciario,Postpenitenciario,Control D.L. 409,Hombre,534
31/08/2026,Región de Los Lagos,C.D.P. Ancud,Tradicional,Subsistema Postpenitenciario,Régimen de Control Postpenitenciario,Postpenitenciario,Control D.L. 409,Hombre,27
31/08/2026,Región de Los Lagos,C.D.P. Maullín,Tradicional,Subsistema Postpenitenciario,Régimen de Control Postpenitenciario,Postpenitenciario,Control D.L. 409,Hombre,5
31/08/2026,Región de Los Lagos,C.R.S. Castro,Tradicional,Subsistema Postpenitenciario,Régimen de Control Postpenitenciario,Postpenitenciario,Control D.L. 409,Hombre,159
31/08/2026,Región de Los Lagos,C.R.S. Osorno,Tradicional,Subsistema Postpenitenciario,Régimen de Control Postpenitenciario,Postpenitenciario,Control D.L. 409,Hombre,466
31/08/2026,Región Metropolitana,C.A.I.S. Melipilla,Tradicional,Subsistema Postpenitenciario,Régimen de Control Postpenitenciario,Postpenitenciario,Control D.L. 409,Hombre,182
31/08/2026,Región Metropolitana,C.A.I.S. Puente Alto,Tradicional,Subsistema Postpenitenciario,Régimen de Control Postpenitenciario,Postpenitenciario,Control D.L. 409,Hombre,134
31/08/2026,Región Metropolitana,C.A.I.S. Santiago,Tradicional,Subsistema Postpenitenciario,Régimen de Control Postpenitenciario,Postpenitenciario,Control D.L. 409,Hombre,2195
31/08/2026,Región Metropolitana,C.C.P. Buin,Tradicional,Subsistema Postpenitenciario,Régimen de Control Postpenitenciario,Postpenitenciario,Control D.L. 409,Hombre,133
31/08/2026,Región Metropolitana,C.D.P. Talagante,Tradicional,Subsistema Postpenitenciario,Régimen de Control Postpenitenciario,Postpenitenciario,Control D.L. 409,Hombre,398
31/08/2026,Región de Coquimbo,C.A.I.S. La Serena,Tradicional,Subsistema Postpenitenciario,Régimen de Control Postpenitenciario,Postpenitenciario,Control D.L. 409,Hombre,861
31/08/2026,Región de Coquimbo,C.D.P. Combarbalá,Tradicional,Subsistema Postpenitenciario,Régimen de Control Postpenitenciario,Postpenitenciario,Control D.L. 409,Hombre,22
31/08/2026,Región de Coquimbo,C.D.P. Vicuña,Tradicional,Subsistema Postpenitenciario,Régimen de Control Postpenitenciario,Postpenitenciario,Control D.L. 409,Hombre,97
31/08/2026,Región de Coquimbo,C.R.S. Illapel,Tradicional,Subsistema Postpenitenciario,Régimen de Control Postpenitenciario,Postpenitenciario,Control D.L. 409,Hombre,249
31/08/2026,Región de Coquimbo,C.R.S. Ovalle,Tradicional,Subsistema Postpenitenciario,Régimen de Control Postpenitenciario,Postpenitenciario,Control D.L. 409,Hombre,273
31/08/2026,Región de Ñuble,C.A.I.S. Chillán,Tradicional,Subsistema Postpenitenciario,Régimen de Control Postpenitenciario,Postpenitenciario,Control D.L. 409,Hombre,390
31/08/2026,Región de Ñuble,C.D.P. Quirihue,Tradicional,Subsistema Postpenitenciario,Régimen de Control Postpenitenciario,Postpenitenciario,Control D.L. 409,Hombre,36
31/08/2026,Región de Ñuble,C.D.P. San Carlos,Tradicional,Subsistema Postpenitenciario,Régimen de Control Postpenitenciario,Postpenitenciario,Control D.L. 409,Hombre,42
31/08/2026,Región de Ñuble,C.D.P. Yungay,Tradicional,Subsistema Postpenitenciario,Régimen de Control Postpenitenciario,Postpenitenciario,Control D.L. 409,Hombre,69
31/08/2026,Región de Ñuble,C.P.F. Bulnes,Tradicional,Subsistema Postpenitenciario,Régimen de Control Postpenitenciario,Postpenitenciario,Control D.L. 409,Hombre,55
31/08/2026,Región de Antofagasta,C.A.I.S. Antofagasta,Tradicional,Subsistema Postpenitenciario,Régimen de Control Postpenitenciario,Postpenitenciario,Control D.L. 409,Hombre,1337
31/08/2026,Región de Antofagasta,C.D.P. Calama,Tradicional,Subsistema Postpenitenciario,Régimen de Control Postpenitenciario,Postpenitenciario,Control D.L. 409,Hombre,37
31/08/2026,Región de Antofagasta,C.D.P. Taltal,Tradicional,Subsistema Postpenitenciario,Régimen de Control Postpenitenciario,Postpenitenciario,Control D.L. 409,Hombre,33
31/08/2026,Región de Antofagasta,C.R.S. Calama,Tradicional,Subsistema Postpenitenciario,Régimen de Control Postpenitenciario,Postpenitenciario,Control D.L. 409,Hombre,283
31/08/2026,Región de Atacama,C.A.I.S. Copiapó,Tradicional,Subsistema Postpenitenciario,Régimen de Control Postpenitenciario,Postpenitenciario,Control D.L. 409,Hombre,305
31/08/2026,Región de Atacama,C.C.P. Chañaral,Tradicional,Subsistema Postpenitenciario,Régimen de Control Postpenitenciario,Postpenitenciario,Control D.L. 409,Hombre,32
31/08/2026,Región de Atacama,C.R.S. Vallenar,Tradicional,Subsistema Postpenitenciario,Régimen de Control Postpenitenciario,Postpenitenciario,Control D.L. 409,Hombre,150
31/08/2026,Región de Magallanes y la Antártica Chilena,C.A.I.S. Punta Arenas,Tradicional,Subsistema Postpenitenciario,Régimen de Control Postpenitenciario,Postpenitenciario,Control D.L. 409,Hombre,280
31/08/2026,Región de Magallanes y la Antártica Chilena,C.D.P. Porvenir,Tradicional,Subsistema Postpenitenciario,Régimen de Control Postpenitenciario,Postpenitenciario,Control D.L. 409,Hombre,21
31/08/2026,Región de Magallanes y la Antártica Chilena,C.D.P. Puerto Natales,Tradicional,Subsistema Postpenitenciario,Régimen de Control Postpenitenciario,Postpenitenciario,Control D.L. 409,Hombre,31
31/08/2026,Región de Aysén del General Carlos Ibáñez del Campo,C.A.I.S. Coyhaique,Tradicional,Subsistema Postpenitenciario,Régimen de Control Postpenitenciario,Postpenitenciario,Control D.L. 409,Hombre,125
31/08/2026,Región de Aysén del General Carlos Ibáñez del Campo,C.D.P. Chile Chico,Tradicional,Subsistema Postpenitenciario,Régimen de Control Postpenitenciario,Postpenitenciario,Control D.L. 409,Hombre,3
31/08/2026,Región de Aysén del General Carlos Ibáñez del Campo,C.D.P. Cochrane,Tradicional,Subsistema Postpenitenciario,Régimen de Control Postpenitenciario,Postpenitenciario,Control D.L. 409,Hombre,9
31/08/2026,Región de Aysén del General Carlos Ibáñez del Campo,C.D.P. Puerto Aysén,Tradicional,Subsistema Postpenitenciario,Régimen de Control Postpenitenciario,Postpenitenciario,Control D.L. 409,Hombre,44
31/08/2026,Región de Los Ríos,C.A.I.S. Valdivia,Tradicional,Subsistema Postpenitenciario,Régimen de Control Postpenitenciario,Postpenitenciario,Control D.L. 409,Hombre,366
31/08/2026,Región de Los Ríos,C.C.P. Río Bueno,Tradicional,Subsistema Postpenitenciario,Régimen de Control Postpenitenciario,Postpenitenciario,Control D.L. 409,Hombre,145
31/08/2026,Región de Arica y Parinacota,C.A.I.S. Arica,Tradicional,Subsistema Postpenitenciario,Régimen de Control Postpenitenciario,Postpenitenciario,Control D.L. 409,Hombre,569
31/08/2026,Región de Tarapacá,C.A.I.S. Iquique,Tradicional,Subsistema Postpenitenciario,Régimen de Control Postpenitenciario,Postpenitenciario,Control D.L. 409,Hombre,606
31/08/2026,Región de Tarapacá,C.D.P. Pozo Almonte,Tradicional,Subsistema Postpenitenciario,Régimen de Control Postpenitenciario,Postpenitenciario,Control D.L. 409,Hombre,54
31/08/2026,Región del Libertador Bernardo O'Higgins,C.A.I.S. Rancagua,Tradicional,Subsistema Postpenitenciario,Régimen de Control Postpenitenciario,Postpenitenciario,Control D.L. 409,Hombre,580
31/08/2026,Región del Libertador Bernardo O'Higgins,C.A.I.S. Rengo,Tradicional,Subsistema Postpenitenciario,Régimen de Control Postpenitenciario,Postpenitenciario,Control D.L. 409,Hombre,632
31/08/2026,Región del Biobío,C.A.I.S. Concepción,Tradicional,Subsistema Postpenitenciario,Régimen de Control Postpenitenciario,Postpenitenciario,Control D.L. 409,Hombre,959
31/08/2026,Región del Biobío,C.A.I.S. Los Ángeles,Tradicional,Subsistema Postpenitenciario,Régimen de Control Postpenitenciario,Postpenitenciario,Control D.L. 409,Hombre,559
31/08/2026,Región del Biobío,C.D.P. Arauco,Tradicional,Subsistema Postpenitenciario,Régimen de Control Postpenitenciario,Postpenitenciario,Control D.L. 409,Hombre,46
31/08/2026,Región del Biobío,C.D.P. Lebu,Tradicional,Subsistema Postpenitenciario,Régimen de Control Postpenitenciario,Postpenitenciario,Control D.L. 409,Hombre,37
31/08/2026,Región del Biobío,C.D.P. Yumbel,Tradicional,Subsistema Postpenitenciario,Régimen de Control Postpenitenciario,Postpenitenciario,Control D.L. 409,Hombre,18
31/08/2026,Región del Biobío,C.R.S. Cañete,Tradicional,Subsistema Postpenitenciario,Régimen de Control Postpenitenciario,Postpenitenciario,Control D.L. 409,Hombre,223
31/08/2026,Región del Maule,C.A.I.S. Linares,Tradicional,Subsistema Postpenitenciario,Régimen de Control Postpenitenciario,Postpenitenciario,Control D.L. 409,Hombre,286
31/08/2026,Región del Maule,C.A.I.S. Talca,Tradicional,Subsistema Postpenitenciario,Régimen de Control Postpenitenciario,Postpenitenciario,Control D.L. 409,Hombre,361
31/08/2026,Región del Maule,C.C.P. Molina,Tradicional,Subsistema Postpenitenciario,Régimen de Control Postpenitenciario,Postpenitenciario,Control D.L. 409,Hombre,47
31/08/2026,Región del Maule,C.C.P. Parral,Tradicional,Subsistema Postpenitenciario,Régimen de Control Postpenitenciario,Postpenitenciario,Control D.L. 409,Hombre,89
31/08/2026,Región del Maule,C.D.P. Chanco,Tradicional,Subsistema Postpenitenciario,Régimen de Control Postpenitenciario,Postpenitenciario,Control D.L. 409,Hombre,22
31/08/2026,Región del Maule,C.D.P. Constitución,Tradicional,Subsistema Postpenitenciario,Régimen de Control Postpenitenciario,Postpenitenciario,Control D.L. 409,Hombre,58
31/08/2026,Región del Maule,C.R.S. Cauquenes,Tradicional,Subsistema Postpenitenciario,Régimen de Control Postpenitenciario,Postpenitenciario,Control D.L. 409,Hombre,154
31/08/2026,Región del Maule,C.R.S. Curicó,Tradicional,Subsistema Postpenitenciario,Régimen de Control Postpenitenciario,Postpenitenciario,Control D.L. 409,Hombre,154
31/08/2026,Región de Valparaíso,C.A.I.S. Los Andes,Tradicional,Subsistema Postpenitenciario,Régimen de Control Postpenitenciario,Postpenitenciario,Control D.L. 409,Hombre,250
31/08/2026,Región de Valparaíso,C.A.I.S. Valparaíso,Tradicional,Subsistema Postpenitenciario,Régimen de Control Postpenitenciario,Postpenitenciario,Control D.L. 409,Hombre,673
31/08/2026,Región de Valparaíso,C.D.P. Casablanca,Tradicional,Subsistema Postpenitenciario,Régimen de Control Postpenitenciario,Postpenitenciario,Control D.L. 409,Hombre,12
31/08/2026,Región de Valparaíso,C.D.P. Petorca,Tradicional,Subsistema Postpenitenciario,Régimen de Control Postpenitenciario,Postpenitenciario,Control D.L. 409,Hombre,82
31/08/2026,Región de Valparaíso,S.C. Isla de Pascua,Tradicional,Subsistema Postpenitenciario,Régimen de Control Postpenitenciario,Postpenitenciario,Control D.L. 409,Hombre,10
31/08/2026,Región de Valparaíso,C.R.S. Quillota,Tradicional,Subsistema Postpenitenciario,Régimen de Control Postpenitenciario,Postpenitenciario,Control D.L. 409,Hombre,266
31/08/2026,Región de Valparaíso,C.R.S. Quilpué,Tradicional,Subsistema Postpenitenciario,Régimen de Control Postpenitenciario,Postpenitenciario,Control D.L. 409,Hombre,249
31/08/2026,Región de Valparaíso,C.R.S. San Antonio,Tradicional,Subsistema Postpenitenciario,Régimen de Control Postpenitenciario,Postpenitenciario,Control D.L. 409,Hombre,218
31/08/2026,Región de la Araucanía,C.A.I.S. Temuco,Tradicional,Subsistema Postpenitenciario,Régimen de Control Postpenitenciario,Postpenitenciario,Control D.L. 409,Hombre,652
31/08/2026,Región de la Araucanía,C.A.I.S. Temuco,Tradicional,Subsistema Postpenitenciario,Régimen de Control Postpenitenciario,Postpenitenciario,Control D.L. 409,Mujer,105
31/08/2026,Región de la Araucanía,C.C.P. Collipulli,Tradicional,Subsistema Postpenitenciario,Régimen de Control Postpenitenciario,Postpenitenciario,Control D.L. 409,Hombre,53
31/08/2026,Región de la Araucanía,C.C.P. Collipulli,Tradicional,Subsistema Postpenitenciario,Régimen de Control Postpenitenciario,Postpenitenciario,Control D.L. 409,Mujer,7
31/08/2026,Región de la Araucanía,C.C.P. Lautaro,Tradicional,Subsistema Postpenitenciario,Régimen de Control Postpenitenciario,Postpenitenciario,Control D.L. 409,Hombre,92
31/08/2026,Región de la Araucanía,C.C.P. Lautaro,Tradicional,Subsistema Postpenitenciario,Régimen de Control Postpenitenciario,Postpenitenciario,Control D.L. 409,Mujer,12
31/08/2026,Región de la Araucanía,C.C.P. Victoria,Tradicional,Subsistema Postpenitenciario,Régimen de Control Postpenitenciario,Postpenitenciario,Control D.L. 409,Hombre,26
31/08/2026,Región de la Araucanía,C.C.P. Victoria,Tradicional,Subsistema Postpenitenciario,Régimen de Control Postpenitenciario,Postpenitenciario,Control D.L. 409,Mujer,3
31/08/2026,Región de la Araucanía,C.D.P. Curacautín,Tradicional,Subsistema Postpenitenciario,Régimen de Control Postpenitenciario,Postpenitenciario,Control D.L. 409,Hombre,33
31/08/2026,Región de la Araucanía,C.D.P. Traiguén,Tradicional,Subsistema Postpenitenciario,Régimen de Control Postpenitenciario,Postpenitenciario,Control D.L. 409,Hombre,24
31/08/2026,Región de la Araucanía,C.D.P. Traiguén,Tradicional,Subsistema Postpenitenciario,Régimen de Control Postpenitenciario,Postpenitenciario,Control D.L. 409,Mujer,4
31/08/2026,Región de la Araucanía,C.R.S. Angol,Tradicional,Subsistema Postpenitenciario,Régimen de Control Postpenitenciario,Postpenitenciario,Control D.L. 409,Hombre,122
31/08/2026,Región de la Araucanía,C.R.S. Angol,Tradicional,Subsistema Postpenitenciario,Régimen de Control Postpenitenciario,Postpenitenciario,Control D.L. 409,Mujer,12
31/08/2026,Región de la Araucanía,C.R.S. Villarrica,Tradicional,Subsistema Postpenitenciario,Régimen de Control Postpenitenciario,Postpenitenciario,Control D.L. 409,Hombre,155
31/08/2026,Región de la Araucanía,C.R.S. Villarrica,Tradicional,Subsistema Postpenitenciario,Régimen de Control Postpenitenciario,Postpenitenciario,Control D.L. 409,Mujer,22
31/08/2026,Región de la Araucanía,C.D.P. Pitrufquén,Tradicional,Subsistema Postpenitenciario,Régimen de Control Postpenitenciario,Postpenitenciario,Control D.L. 409,Hombre,78
31/08/2026,Región de la Araucanía,C.D.P. Pitrufquén,Tradicional,Subsistema Postpenitenciario,Régimen de Control Postpenitenciario,Postpenitenciario,Control D.L. 409,Mujer,11
31/08/2026,Región de la Araucanía,C.C.P. Nueva Imperial,Tradicional,Subsistema Postpenitenciario,Régimen de Control Postpenitenciario,Postpenitenciario,Control D.L. 409,Hombre,103
31/08/2026,Región de la Araucanía,C.C.P. Nueva Imperial,Tradicional,Subsistema Postpenitenciario,Régimen de Control Postpenitenciario,Postpenitenciario,Control D.L. 409,Mujer,6
31/08/2026,Región de Los Lagos,C.D.P. Castro,Tradicional,Subsistema Cerrado,Régimen de Control Abierto,Beneficios de Reinserción,Salida Controlada al Medio Libre,Hombre,1
31/08/2026,Región Metropolitana,C.C.P. Tiltil,Tradicional,Subsistema Cerrado,Régimen de Control Abierto,Beneficios de Reinserción,Salida Controlada al Medio Libre,Hombre,1
31/08/2026,Región de Los Ríos,C.E.T. Valdivia,Tradicional,Subsistema Cerrado,Régimen de Control Abierto,Beneficios de Reinserción,Salida Controlada al Medio Libre,Hombre,1
31/08/2026,Región de Ñuble,C.C.P. Chillán,Tradicional,Subsistema Cerrado,Régimen de Control Abierto,Beneficios de Reinserción,Salida Controlada al Medio Libre,Hombre,1
31/08/2026,Región de Ñuble,C.D.P. Quirihue,Tradicional,Subsistema Cerrado,Régimen de Control Abierto,Beneficios de Reinserción,Salida Controlada al Medio Libre,Hombre,1
31/08/2026,Región de Antofagasta,C.D.P. Taltal,Tradicional,Subsistema Cerrado,Régimen de Control Abierto,Beneficios de Reinserción,Salida Controlada al Medio Libre,Hombre,1
31/08/2026,Región de Antofagasta,C.D.P. Tocopilla,Tradicional,Subsistema Cerrado,Régimen de Control Abierto,Beneficios de Reinserción,Salida Controlada al Medio Libre,Hombre,1
31/08/2026,Región de Coquimbo,C.D.P. Illapel,Tradicional,Subsistema Cerrado,Régimen de Control Abierto,Beneficios de Reinserción,Salida Controlada al Medio Libre,Hombre,1
31/08/2026,Región de Coquimbo,C.D.P. Ovalle,Tradicional,Subsistema Cerrado,Régimen de Control Abierto,Beneficios de Reinserción,Salida Controlada al Medio Libre,Hombre,1
31/08/2026,Región de Valparaíso,C.D.P. Limache,Tradicional,Subsistema Cerrado,Régimen de Control Abierto,Beneficios de Reinserción,Salida Controlada al Medio Libre,Hombre,1
31/08/2026,Región del Maule,C.C.P. Molina,Tradicional,Subsistema Cerrado,Régimen de Control Abierto,Beneficios de Reinserción,Salida Controlada al Medio Libre,Hombre,1
31/08/2026,Región del Biobío,C.D.P. Yumbel,Tradicional,Subsistema Cerrado,Régimen de Control Abierto,Beneficios de Reinserción,Salida Controlada al Medio Libre,Hombre,1
31/08/2026,Región de la Araucanía,C.D.P. Curacautín,Tradicional,Subsistema Cerrado,Régimen de Control Abierto,Beneficios de Reinserción,Salida Controlada al Medio Libre,Hombre,1
31/08/2026,Región de Antofagasta,C.C.P. Antofagasta concesionado,Concesionada,Subsistema Cerrado,Régimen de Control Abierto,Beneficios de Reinserción,Salida Controlada al Medio Libre,Hombre,1
31/08/2026,Región del Biobío,C.P. Biobío,Concesionada,Subsistema Cerrado,Régimen de Control Abierto,Beneficios de Reinserción,Libertad Condicional,Hombre,1
31/08/2026,Región de Aysén del General Carlos Ibáñez del Campo,C.A.I.S. Coyhaique,Tradicional,Subsistema Cerrado,Régimen de Control Abierto,Beneficios de Reinserción,Libertad Condicional,Mujer,1
31/08/2026,Región de Valparaíso,S.C. Isla de Pascua,Tradicional,Subsistema Cerrado,Régimen de Control Abierto,Beneficios de Reinserción,Libertad Condicional,Mujer,1
31/08/2026,Región del Biobío,C.A.I.S. Los Ángeles,Tradicional,Subsistema Cerrado,Régimen de Control Abierto,Beneficios de Reinserción,Libertad Condicional,Mujer,1
31/08/2026,Región de Aysén del General Carlos Ibáñez del Campo,C.D.P. Puerto Aysén,Tradicional,Subsistema Cerrado,Régimen de Control Abierto,Beneficios de Reinserción,Libertad Condicional,Hombre,1
31/08/2026,Región de Tarapacá,C.D.P. Pozo Almonte,Tradicional,Subsistema Cerrado,Régimen de Control Abierto,Beneficios de Reinserción,Libertad Condicional,Hombre,1
31/08/2026,Región de Coquimbo,C.D.P. Illapel,Tradicional,Subsistema Cerrado,Régimen de Control Abierto,Beneficios de Reinserción,Libertad Condicional,Hombre,1
31/08/2026,Región de Coquimbo,C.D.P. Ovalle,Tradicional,Subsistema Cerrado,Régimen de Control Abierto,Beneficios de Reinserción,Libertad Condicional,Hombre,1
31/08/2026,Región del Maule,C.C.P. Parral,Tradicional,Subsistema Cerrado,Régimen de Control Abierto,Beneficios de Reinserción,Libertad Condicional,Hombre,1
31/08/2026,Región del Biobío,C.E.T. Cañete,Tradicional,Subsistema Cerrado,Régimen de Control Abierto,Beneficios de Reinserción,Libertad Condicional,Hombre,1
31/08/2026,Región de la Araucanía,C.C.P. Collipulli,Tradicional,Subsistema Cerrado,Régimen de Control Abierto,Beneficios de Reinserción,Libertad Condicional,Hombre,1
31/08/2026,Región de la Araucanía,C.D.P. Villarrica,Tradicional,Subsistema Cerrado,Régimen de Control Abierto,Beneficios de Reinserción,Libertad Condicional,Hombre,1
31/08/2026,Región Metropolitana,C.R.S. Santiago Occidente,Tradicional,Subsistema Abierto,Régimen de Control Abierto,Medidas Alternativa a la Reclusión,Libertad Vigilada del Adulto,Mujer,1
31/08/2026,Región de Ñuble,C.R.S. Chillán,Tradicional,Subsistema Abierto,Régimen de Control Abierto,Medidas Alternativa a la Reclusión,Libertad Vigilada del Adulto,Hombre,1
31/08/2026,Región de Coquimbo,C.R.S. Illapel,Tradicional,Subsistema Abierto,Régimen de Control Abierto,Medidas Alternativa a la Reclusión,Libertad Vigilada del Adulto,Hombre,1
31/08/2026,Región de Valparaíso,C.R.S. Quillota,Tradicional,Subsistema Abierto,Régimen de Control Abierto,Medidas Alternativa a la Reclusión,Libertad Vigilada del Adulto,Hombre,1
31/08/2026,Región del Maule,C.R.S. Linares,Tradicional,Subsistema Abierto,Régimen de Control Abierto,Medidas Alternativa a la Reclusión,Libertad Vigilada del Adulto,Hombre,1
31/08/2026,Región del Biobío,C.R.S. Los Ángeles,Tradicional,Subsistema Abierto,Régimen de Control Abierto,Medidas Alternativa a la Reclusión,Libertad Vigilada del Adulto,Hombre,1
31/08/2026,Región de la Araucanía,C.R.S. Villarrica,Tradicional,Subsistema Abierto,Régimen de Control Abierto,Medidas Alternativa a la Reclusión,Libertad Vigilada del Adulto,Hombre,1
31/08/2026,Región de Los Lagos,C.D.P. Río Negro,Tradicional,Subsistema Abierto,Régimen de Control Abierto,Medidas Alternativa a la Reclusión,Reclusión Nocturna,Hombre,1
31/08/2026,Región de Aysén del General Carlos Ibáñez del Campo,C.D.P. Cochrane,Tradicional,Subsistema Abierto,Régimen de Control Abierto,Medidas Alternativa a la Reclusión,Reclusión Nocturna,Hombre,1
31/08/2026,Región del Maule,C.P.F. Talca,Tradicional,Subsistema Abierto,Régimen de Control Abierto,Medidas Alternativa a la Reclusión,Reclusión Nocturna,Mujer,1
31/08/2026,Región de la Araucanía,C.D.P. Pitrufquén,Tradicional,Subsistema Abierto,Régimen de Control Abierto,Medidas Alternativa a la Reclusión,Reclusión Nocturna,Hombre,1
31/08/2026,Región de la Araucanía,C.D.P. Villarrica,Tradicional,Subsistema Abierto,Régimen de Control Abierto,Medidas Alternativa a la Reclusión,Reclusión Nocturna,Mujer,1
31/08/2026,Región de Los Lagos,C.R.S. Osorno,Tradicional,Subsistema Abierto,Régimen de Control Abierto,Medidas Alternativa a la Reclusión,Remisión Condicional de la Pena (Medida Alternativa),Hombre,1
31/08/2026,Región Metropolitana,C.C.P. Buin,Tradicional,Subsistema Abierto,Régimen de Control Abierto,Medidas Alternativa a la Reclusión,Remisión Condicional de la Pena (Medida Alternativa),Mujer,1
31/08/2026,Región Metropolitana,C.R.S. Santiago Centro,Tradicional,Subsistema Abierto,Régimen de Control Abierto,Medidas Alternativa a la Reclusión,Remisión Condicional de la Pena (Medida Alternativa),Hombre,1
31/08/2026,Región de Atacama,C.R.S. Copiapó,Tradicional,Subsistema Abierto,Régimen de Control Abierto,Medidas Alternativa a la Reclusión,Remisión Condicional de la Pena (Medida Alternativa),Hombre,1
31/08/2026,Región de Coquimbo,C.R.S. La Serena,Tradicional,Subsistema Abierto,Régimen de Control Abierto,Medidas Alternativa a la Reclusión,Remisión Condicional de la Pena (Medida Alternativa),Hombre,1
31/08/2026,Región de Valparaíso,C.R.S. Los Andes,Tradicional,Subsistema Abierto,Régimen de Control Abierto,Medidas Alternativa a la Reclusión,Remisión Condicional de la Pena (Medida Alternativa),Hombre,1
31/08/2026,Región del Maule,C.C.P. Parral,Tradicional,Subsistema Abierto,Régimen de Control Abierto,Medidas Alternativa a la Reclusión,Remisión Condicional de la Pena (Medida Alternativa),Hombre,1
31/08/2026,Región del Maule,C.C.P. Parral,Tradicional,Subsistema Abierto,Régimen de Control Abierto,Medidas Alternativa a la Reclusión,Remisión Condicional de la Pena (Medida Alternativa),Mujer,1
31/08/2026,Región del Biobío,C.D.P. Lebu,Tradicional,Subsistema Abierto,Régimen de Control Abierto,Medidas Alternativa a la Reclusión,Remisión Condicional de la Pena (Medida Alternativa),Mujer,1
31/08/2026,Región del Biobío,C.D.P. Yumbel,Tradicional,Subsistema Abierto,Régimen de Control Abierto,Medidas Alternativa a la Reclusión,Remisión Condicional de la Pena (Medida Alternativa),Mujer,1
31/08/2026,Región del Biobío,C.R.S. Concepción,Tradicional,Subsistema Abierto,Régimen de Control Abierto,Medidas Alternativa a la Reclusión,Remisión Condicional de la Pena (Medida Alternativa),Hombre,1
31/08/2026,Región de la Araucanía,C.R.S. Angol,Tradicional,Subsistema Abierto,Régimen de Control Abierto,Medidas Alternativa a la Reclusión,Remisión Condicional de la Pena (Medida Alternativa),Hombre,1
31/08/2026,Región de la Araucanía,C.R.S. Temuco,Tradicional,Subsistema Abierto,Régimen de Control Abierto,Medidas Alternativa a la Reclusión,Remisión Condicional de la Pena (Medida Alternativa),Hombre,1
31/08/2026,Región del Biobío,C.R.S. Concepción,Tradicional,Subsistema Abierto,Régimen de Control Abierto,Ley 21.378 Medida Cautelar Especial VIF con MT,Medida Cautelar Vìctima por VIF con MT,Hombre,1
31/08/2026,Región Metropolitana,C.R.S. Santiago Oriente,Tradicional,Subsistema Abierto,Régimen de Control Abierto,Ley 21.378 Medida Cautelar Especial VIF con MT,Medida Cautelar Vìctima por VIF con MT,Hombre,1
31/08/2026,Región de Coquimbo,C.R.S. Ovalle,Tradicional,Subsistema Abierto,Régimen de Control Abierto,Ley 21.378 Medida Cautelar Especial VIF con MT,Medida Cautelar Vìctima por VIF con MT,Mujer,1
31/08/2026,Región de la Araucanía,C.R.S. Angol,Tradicional,Subsistema Abierto,Régimen de Control Abierto,Ley 21.378 Medida Cautelar Especial VIF con MT,Medida Cautelar Vìctima por VIF con MT,Mujer,1
31/08/2026,Región de Los Lagos,C.R.S. Castro,Tradicional,Subsistema Abierto,Régimen de Control Abierto,Ley 21.378 Medida Cautelar Especial VIF con MT,Medida Cautelar Vìctima por VIF con MT,Mujer,1
31/08/2026,Región de Los Lagos,C.R.S. Osorno,Tradicional,Subsistema Abierto,Régimen de Control Abierto,Ley 21.378 Medida Cautelar Especial VIF con MT,Medida Cautelar Vìctima por VIF con MT,Mujer,1
31/08/2026,Región de Coquimbo,C.R.S. Ovalle,Tradicional,Subsistema Abierto,Régimen de Control Abierto,Ley 21.378 Medida Cautelar Especial VIF con MT,Medida Cautelar Ofensor por VIF con MT,Hombre,1
31/08/2026,Región de la Araucanía,C.R.S. Angol,Tradicional,Subsistema Abierto,Régimen de Control Abierto,Ley 21.378 Medida Cautelar Especial VIF con MT,Medida Cautelar Ofensor por VIF con MT,Hombre,1
31/08/2026,Región de Los Lagos,C.R.S. Castro,Tradicional,Subsistema Abierto,Régimen de Control Abierto,Ley 21.378 Medida Cautelar Especial VIF con MT,Medida Cautelar Ofensor por VIF con MT,Hombre,1
31/08/2026,Región de Los Lagos,C.R.S. Osorno,Tradicional,Subsistema Abierto,Régimen de Control Abierto,Ley 21.378 Medida Cautelar Especial VIF con MT,Medida Cautelar Ofensor por VIF con MT,Hombre,1
31/08/2026,Región de Antofagasta,C.R.S. Antofagasta,Tradicional,Subsistema Abierto,Régimen de Control Abierto,Indulto General Conmutativo Ley 21.228,"Reclusión Domiciliaria Total Art. 1, 2, 3 y 11 (párrafo 1°)",Hombre,1
31/08/2026,Región de Antofagasta,C.R.S. Antofagasta,Tradicional,Subsistema Abierto,Régimen de Control Abierto,Indulto General Conmutativo Ley 21.228,"Reclusión Domiciliaria Total Art. 1, 2, 3 y 11 (párrafo 1°)",Mujer,1
31/08/2026,Región de Los Lagos,C.P. Puerto Montt,Concesionada,Subsistema Cerrado,Régimen de Control Abierto,Apremios,Condenados (Arresto Nocturno),Mujer,1
31/08/2026,Región Metropolitana,C.P.F. Santiago,Tradicional,Subsistema Cerrado,Régimen de Control Abierto,Apremios,Condenados (Arresto Nocturno),Mujer,1
31/08/2026,Región de Los Ríos,C.C.P. Río Bueno,Tradicional,Subsistema Cerrado,Régimen de Control Abierto,Apremios,Condenados (Arresto Nocturno),Mujer,1
31/08/2026,Región de Tarapacá,C.C.P. Iquique,Tradicional,Subsistema Cerrado,Régimen de Control Abierto,Apremios,Condenados (Arresto Nocturno),Mujer,1
31/08/2026,Región de Atacama,C.C.P. Copiapó,Tradicional,Subsistema Cerrado,Régimen de Control Abierto,Apremios,Condenados (Arresto Nocturno),Mujer,1
31/08/2026,Región de Coquimbo,C.D.P. Illapel,Tradicional,Subsistema Cerrado,Régimen de Control Abierto,Apremios,Condenados (Arresto Nocturno),Mujer,1
31/08/2026,Región del Maule,C.C.P. Parral,Tradicional,Subsistema Cerrado,Régimen de Control Abierto,Apremios,Condenados (Arresto Nocturno),Mujer,1
31/08/2026,Región de Los Lagos,C.D.P. Castro,Tradicional,Subsistema Cerrado,Régimen de Control Abierto,Apremios,Condenados (Arresto Nocturno),Hombre,1
31/08/2026,Región de Magallanes y la Antártica Chilena,C.D.P. Puerto Natales,Tradicional,Subsistema Cerrado,Régimen de Control Abierto,Apremios,Condenados (Arresto Nocturno),Hombre,1
31/08/2026,Región de Magallanes y la Antártica Chilena,C.P. Punta Arenas,Tradicional,Subsistema Cerrado,Régimen de Control Abierto,Apremios,Condenados (Arresto Nocturno),Hombre,1
31/08/2026,Región de Ñuble,C.D.P. Quirihue,Tradicional,Subsistema Cerrado,Régimen de Control Abierto,Apremios,Condenados (Arresto Nocturno),Hombre,1
31/08/2026,Región de Tarapacá,C.C.P. Iquique,Tradicional,Subsistema Cerrado,Régimen de Control Abierto,Apremios,Condenados (Arresto Nocturno),Hombre,1
31/08/2026,Región de Valparaíso,C.D.P. Limache,Tradicional,Subsistema Cerrado,Régimen de Control Abierto,Apremios,Condenados (Arresto Nocturno),Hombre,1
31/08/2026,Región del Maule,C.C.P. Cauquenes,Tradicional,Subsistema Cerrado,Régimen de Control Abierto,Apremios,Condenados (Arresto Nocturno),Hombre,1
31/08/2026,Región del Maule,C.C.P. Molina,Tradicional,Subsistema Cerrado,Régimen de Control Abierto,Apremios,Condenados (Arresto Nocturno),Hombre,1
31/08/2026,Región del Maule,C.D.P. Constitución,Tradicional,Subsistema Cerrado,Régimen de Control Abierto,Apremios,Condenados (Arresto Nocturno),Hombre,1
31/08/2026,Región de la Araucanía,C.D.P. Angol,Tradicional,Subsistema Cerrado,Régimen de Control Abierto,Apremios,Condenados (Arresto Nocturno),Hombre,1
31/08/2026,Región de Aysén del General Carlos Ibáñez del Campo,C.A.I.S. Coyhaique,Tradicional,Subsistema Postpenitenciario,Régimen de Control Postpenitenciario,Postpenitenciario,Oficina de Diagnóstico Prontuarial,Hombre,1
31/08/2026,Región de Aysén del General Carlos Ibáñez del Campo,C.A.I.S. Coyhaique,Tradicional,Subsistema Postpenitenciario,Régimen de Control Postpenitenciario,Postpenitenciario,Oficina de Diagnóstico Prontuarial,Mujer,1
31/08/2026,Región de Magallanes y la Antártica Chilena,C.A.I.S. Punta Arenas,Tradicional,Subsistema Postpenitenciario,Régimen de Control Postpenitenciario,Postpenitenciario,Oficina de Diagnóstico Prontuarial,Mujer,1
31/08/2026,Región de Magallanes y la Antártica Chilena,C.D.P. Puerto Natales,Tradicional,Subsistema Postpenitenciario,Régimen de Control Postpenitenciario,Postpenitenciario,Oficina de Diagnóstico Prontuarial,Mujer,1
31/08/2026,Región de Valparaíso,C.A.I.S. Los Andes,Tradicional,Subsistema Postpenitenciario,Régimen de Control Postpenitenciario,Postpenitenciario,Oficina de Diagnóstico Prontuarial,Mujer,1
31/08/2026,Región de Los Lagos,C.D.P. Río Negro,Tradicional,Subsistema Postpenitenciario,Régimen de Control Postpenitenciario,Postpenitenciario,Control D.L. 409,Hombre,1
31/08/2026,Región de Aysén del General Carlos Ibáñez del Campo,C.D.P. Chile Chico,Tradicional,Subsistema Postpenitenciario,Régimen de Control Postpenitenciario,Postpenitenciario,Control D.L. 409,Mujer,1
31/08/2026,Región de Aysén del General Carlos Ibáñez del Campo,C.D.P. Cochrane,Tradicional,Subsistema Postpenitenciario,Régimen de Control Postpenitenciario,Postpenitenciario,Control D.L. 409,Mujer,1
31/08/2026,Región del Maule,C.D.P. Chanco,Tradicional,Subsistema Postpenitenciario,Régimen de Control Postpenitenciario,Postpenitenciario,Control D.L. 409,Mujer,1
31/08/2026,Región de Aysén del General Carlos Ibáñez del Campo,C.E.T. Valle Verde,Tradicional,Subsistema Cerrado,Régimen de Control Semiabierto,Condenados (C.E.T.),Condenados en C.E.T. Semiabierto,Mujer,1
31/08/2026,Región de Aysén del General Carlos Ibáñez del Campo,C.C.P. Coyhaique,Tradicional,Subsistema Cerrado,Régimen de Control Cerrado,Cerrado 24 Horas,Imputados,Mujer,1
31/08/2026,Región de Aysén del General Carlos Ibáñez del Campo,C.D.P. Puerto Aysén,Tradicional,Subsistema Cerrado,Régimen de Control Cerrado,Cerrado 24 Horas,Condenados en Sección Juvenil,Hombre,1
31/08/2026,Región de Arica y Parinacota,C.P. Arica,Tradicional,Subsistema Cerrado,Régimen de Control Cerrado,Cerrado 24 Horas,Imputados,Mujer,1
31/08/2026,Región de Valparaíso,S.C. Isla de Pascua,Tradicional,Subsistema Cerrado,Régimen de Control Cerrado,Cerrado 24 Horas,Imputados,Mujer,1
31/08/2026,Región de la Araucanía,C.P.F. Temuco,Tradicional,Subsistema Cerrado,Régimen de Control Cerrado,Cerrado 24 Horas,Imputados,Hombre,1
31/08/2026,Región de Magallanes y la Antártica Chilena,C.D.P. Puerto Natales,Tradicional,Subsistema Cerrado,Régimen de Control Cerrado,Cerrado 24 Horas,Condenados (Privados de Libertad 24 Horas),Mujer,1
31/08/2026,Región de la Araucanía,C.P.F. Temuco,Tradicional,Subsistema Cerrado,Régimen de Control Cerrado,Cerrado 24 Horas,Condenados (Privados de Libertad 24 Horas),Hombre,1
31/08/2026,Región de Antofagasta,C.D.P. Taltal,Tradicional,Subsistema Cerrado,Régimen de Control Cerrado,Cerrado 24 Horas,Expulsión (Ley N°20.603),Hombre,1
31/08/2026,Región de Antofagasta,C.D.P. Tocopilla,Tradicional,Subsistema Cerrado,Régimen de Control Cerrado,Cerrado 24 Horas,Expulsión (Ley N°20.603),Hombre,1
31/08/2026,Región de Atacama,C.C.P. Chañaral,Tradicional,Subsistema Cerrado,Régimen de Control Cerrado,Cerrado 24 Horas,Expulsión (Ley N°20.603),Hombre,1
31/08/2026,Región de Atacama,C.D.P. Vallenar,Tradicional,Subsistema Cerrado,Régimen de Control Cerrado,Cerrado 24 Horas,Expulsión (Ley N°20.603),Hombre,1
31/08/2026,Región de Aysén del General Carlos Ibáñez del Campo,C.D.P. Puerto Aysén,Tradicional,Subsistema Cerrado,Régimen de Control Cerrado,Cerrado 24 Horas,Detenidos,Hombre,1
31/08/2026,Región Metropolitana,C.D.P. Puente Alto,Tradicional,Subsistema Cerrado,Régimen de Control Cerrado,Cerrado 24 Horas,Detenidos,Hombre,1
31/08/2026,Región de Antofagasta,C.P.F. Antofagasta,Tradicional,Subsistema Cerrado,Régimen de Control Cerrado,Cerrado 24 Horas,Detenidos,Mujer,1
31/08/2026,Región de Valparaíso,C.C.P. Los Andes,Tradicional,Subsistema Cerrado,Régimen de Control Cerrado,Cerrado 24 Horas,Detenidos,Mujer,1
31/08/2026,Región del Maule,C.C.P. Linares,Tradicional,Subsistema Cerrado,Régimen de Control Cerrado,Cerrado 24 Horas,Detenidos,Hombre,1
31/08/2026,Región del Biobío,C.D.P. Yumbel,Tradicional,Subsistema Cerrado,Régimen de Control Cerrado,Cerrado 24 Horas,Detenidos,Hombre,1
31/08/2026,Región de Los Lagos,C.D.P. Castro,Tradicional,Subsistema Cerrado,Régimen de Control Cerrado,Cerrado 24 Horas,Condenados (Falta),Hombre,1
31/08/2026,Región de Ñuble,C.C.P. Chillán,Tradicional,Subsistema Cerrado,Régimen de Control Cerrado,Cerrado 24 Horas,Condenados (Falta),Hombre,1
31/08/2026,Región del Maule,C.C.P. Talca,Tradicional,Subsistema Cerrado,Régimen de Control Cerrado,Cerrado 24 Horas,Condenados (Falta),Hombre,1
31/08/2026,Región del Biobío,C.D.P. Arauco,Tradicional,Subsistema Cerrado,Régimen de Control Cerrado,Cerrado 24 Horas,Condenados (Falta),Hombre,1
31/08/2026,Región de la Araucanía,C.D.P. Pitrufquén,Tradicional,Subsistema Cerrado,Régimen de Control Cerrado,Cerrado 24 Horas,Condenados (Falta),Hombre,1
